ForecastID,ProductID,ProductName,ProductCategory,ForecastDate,ForecastPeriod,PredictedDemand,ConfidenceLevel,SeasonalMultiplier,TrendDirection,BaselineDemand,MethodUsed,ForecastHorizon,ActualDemand,AccuracyScore,CreatedBy,CreatedDate
1,1521,Adventurer Pro Backpack,Camping,2024-03-08,Monthly,234,76.09,1.2,Growing,195,Sales Velocity + Seasonal,30,,,system,2026-03-09 13:48:17
2,1521,Adventurer Pro Backpack,Camping,2024-03-08,Weekly,54,77.05,1.2,Growing,195,Sales Velocity + Seasonal,7,,,system,2026-03-09 13:48:17
3,1521,Adventurer Pro Backpack,Camping,2024-03-15,Weekly,54,75.16,1.2,Growing,195,Sales Velocity + Seasonal,7,,,system,2026-03-09 13:48:17
4,1521,Adventurer Pro Backpack,Camping,2024-03-22,Weekly,54,79.51,1.2,Growing,195,Sales Velocity + Seasonal,7,,,system,2026-03-09 13:48:17
5,1521,Adventurer Pro Backpack,Camping,2024-03-29,Weekly,54,79.69,1.2,Growing,195,Sales Velocity + Seasonal,7,,,system,2026-03-09 13:48:17
6,1521,Adventurer Pro Backpack,Camping,2024-04-07,Monthly,267,76.09,1.4,Growing,195,Sales Velocity + Seasonal,30,,,system,2026-03-09 13:48:17
7,1521,Adventurer Pro Backpack,Camping,2024-05-07,Monthly,282,76.09,1.5,Growing,195,Sales Velocity + Seasonal,30,,,system,2026-03-09 13:48:17
8,1531,Summit Breeze Jacket,Camping,2024-03-08,Monthly,216,81.96,1.2,Growing,188,Sales Velocity + Seasonal,30,,,system,2026-03-09 13:48:17
9,1531,Summit Breeze Jacket,Camping,2024-03-08,Weekly,50,78.28,1.2,Growing,188,Sales Velocity + Seasonal,7,,,system,2026-03-09 13:48:17
10,1531,Summit Breeze Jacket,Camping,2024-03-15,Weekly,50,86.95,1.2,Growing,188,Sales Velocity + Seasonal,7,,,system,2026-03-09 13:48:17
11,1531,Summit Breeze Jacket,Camping,2024-03-22,Weekly,50,77.31,1.2,Growing,188,Sales Velocity + Seasonal,7,,,system,2026-03-09 13:48:17
12,1531,Summit Breeze Jacket,Camping,2024-03-29,Weekly,50,81.51,1.2,Growing,188,Sales Velocity + Seasonal,7,,,system,2026-03-09 13:48:17
13,1531,Summit Breeze Jacket,Camping,2024-04-07,Monthly,266,81.96,1.4,Growing,188,Sales Velocity + Seasonal,30,,,system,2026-03-09 13:48:17
14,1531,Summit Breeze Jacket,Camping,2024-05-07,Monthly,270,81.96,1.5,Growing,188,Sales Velocity + Seasonal,30,,,system,2026-03-09 13:48:17
15,1541,TrekReady Hiking Boots,Camping,2024-03-08,Monthly,165,86.63,1.2,Growing,133,Sales Velocity + Seasonal,30,,,system,2026-03-09 13:48:17
16,1541,TrekReady Hiking Boots,Camping,2024-03-08,Weekly,38,86.47,1.2,Growing,133,Sales Velocity + Seasonal,7,,,system,2026-03-09 13:48:17
17,1541,TrekReady Hiking Boots,Camping,2024-03-15,Weekly,38,85.64,1.2,Growing,133,Sales Velocity + Seasonal,7,,,system,2026-03-09 13:48:17
18,1541,TrekReady Hiking Boots,Camping,2024-03-22,Weekly,38,88.04,1.2,Growing,133,Sales Velocity + Seasonal,7,,,system,2026-03-09 13:48:17
19,1541,TrekReady Hiking Boots,Camping,2024-03-29,Weekly,38,89.53,1.2,Growing,133,Sales Velocity + Seasonal,7,,,system,2026-03-09 13:48:17
20,1541,TrekReady Hiking Boots,Camping,2024-04-07,Monthly,178,86.63,1.4,Growing,133,Sales Velocity + Seasonal,30,,,system,2026-03-09 13:48:17
21,1541,TrekReady Hiking Boots,Camping,2024-05-07,Monthly,197,86.63,1.5,Growing,133,Sales Velocity + Seasonal,30,,,system,2026-03-09 13:48:17
22,1551,BaseCamp Folding Table,Camping,2024-03-08,Monthly,101,81.56,1.2,Growing,84,Sales Velocity + Seasonal,30,,,system,2026-03-09 13:48:17
23,1551,BaseCamp Folding Table,Camping,2024-03-08,Weekly,23,81.47,1.2,Growing,84,Sales Velocity + Seasonal,7,,,system,2026-03-09 13:48:17
24,1551,BaseCamp Folding Table,Camping,2024-03-15,Weekly,23,81.45,1.2,Growing,84,Sales Velocity + Seasonal,7,,,system,2026-03-09 13:48:17
25,1551,BaseCamp Folding Table,Camping,2024-03-22,Weekly,23,78.85,1.2,Growing,84,Sales Velocity + Seasonal,7,,,system,2026-03-09 13:48:17
26,1551,BaseCamp Folding Table,Camping,2024-03-29,Weekly,23,79.78,1.2,Growing,84,Sales Velocity + Seasonal,7,,,system,2026-03-09 13:48:17
27,1551,BaseCamp Folding Table,Camping,2024-04-07,Monthly,113,81.56,1.4,Growing,84,Sales Velocity + Seasonal,30,,,system,2026-03-09 13:48:17
28,1551,BaseCamp Folding Table,Camping,2024-05-07,Monthly,128,81.56,1.5,Growing,84,Sales Velocity + Seasonal,30,,,system,2026-03-09 13:48:17
29,1561,EcoFire Camping Stove,Camping,2024-03-08,Monthly,77,81.57,1.2,Growing,64,Sales Velocity + Seasonal,30,,,system,2026-03-09 13:48:17
30,1561,EcoFire Camping Stove,Camping,2024-03-08,Weekly,17,82.96,1.2,Growing,64,Sales Velocity + Seasonal,7,,,system,2026-03-09 13:48:17
31,1561,EcoFire Camping Stove,Camping,2024-03-15,Weekly,17,77.18,1.2,Growing,64,Sales Velocity + Seasonal,7,,,system,2026-03-09 13:48:17
32,1561,EcoFire Camping Stove,Camping,2024-03-22,Weekly,17,77.86,1.2,Growing,64,Sales Velocity + Seasonal,7,,,system,2026-03-09 13:48:17
33,1561,EcoFire Camping Stove,Camping,2024-03-29,Weekly,17,84.31,1.2,Growing,64,Sales Velocity + Seasonal,7,,,system,2026-03-09 13:48:17
34,1561,EcoFire Camping Stove,Camping,2024-04-07,Monthly,87,81.57,1.4,Growing,64,Sales Velocity + Seasonal,30,,,system,2026-03-09 13:48:17
35,1561,EcoFire Camping Stove,Camping,2024-05-07,Monthly,98,81.57,1.5,Growing,64,Sales Velocity + Seasonal,30,,,system,2026-03-09 13:48:17
36,1571,CozyNights Sleeping Bag,Camping,2024-03-08,Monthly,102,82.74,1.2,Growing,86,Sales Velocity + Seasonal,30,,,system,2026-03-09 13:48:17
37,1571,CozyNights Sleeping Bag,Camping,2024-03-08,Weekly,23,81.04,1.2,Growing,86,Sales Velocity + Seasonal,7,,,system,2026-03-09 13:48:17
38,1571,CozyNights Sleeping Bag,Camping,2024-03-15,Weekly,23,87.72,1.2,Growing,86,Sales Velocity + Seasonal,7,,,system,2026-03-09 13:48:17
39,1571,CozyNights Sleeping Bag,Camping,2024-03-22,Weekly,23,79.01,1.2,Growing,86,Sales Velocity + Seasonal,7,,,system,2026-03-09 13:48:17
40,1571,CozyNights Sleeping Bag,Camping,2024-03-29,Weekly,23,84.87,1.2,Growing,86,Sales Velocity + Seasonal,7,,,system,2026-03-09 13:48:17
41,1571,CozyNights Sleeping Bag,Camping,2024-04-07,Monthly,120,82.74,1.4,Growing,86,Sales Velocity + Seasonal,30,,,system,2026-03-09 13:48:17
42,1571,CozyNights Sleeping Bag,Camping,2024-05-07,Monthly,126,82.74,1.5,Growing,86,Sales Velocity + Seasonal,30,,,system,2026-03-09 13:48:17
43,1511,Alpine Explorer Tent,Camping,2024-03-08,Monthly,263,86.28,1.2,Growing,213,Sales Velocity + Seasonal,30,,,system,2026-03-09 13:48:17
44,1511,Alpine Explorer Tent,Camping,2024-03-08,Weekly,61,83.12,1.2,Growing,213,Sales Velocity + Seasonal,7,,,system,2026-03-09 13:48:17
45,1511,Alpine Explorer Tent,Camping,2024-03-15,Weekly,61,90.57,1.2,Growing,213,Sales Velocity + Seasonal,7,,,system,2026-03-09 13:48:17
46,1511,Alpine Explorer Tent,Camping,2024-03-22,Weekly,61,86.7,1.2,Growing,213,Sales Velocity + Seasonal,7,,,system,2026-03-09 13:48:17
47,1511,Alpine Explorer Tent,Camping,2024-03-29,Weekly,61,91.22,1.2,Growing,213,Sales Velocity + Seasonal,7,,,system,2026-03-09 13:48:17
48,1511,Alpine Explorer Tent,Camping,2024-04-07,Monthly,305,86.28,1.4,Growing,213,Sales Velocity + Seasonal,30,,,system,2026-03-09 13:48:17
49,1511,Alpine Explorer Tent,Camping,2024-05-07,Monthly,333,86.28,1.5,Growing,213,Sales Velocity + Seasonal,30,,,system,2026-03-09 13:48:17
50,1522,SummitClimber Backpack,Camping,2024-03-08,Monthly,252,94.31,1.2,Growing,213,Sales Velocity + Seasonal,30,,,system,2026-03-09 13:48:17
51,1522,SummitClimber Backpack,Camping,2024-03-08,Weekly,58,92.47,1.2,Growing,213,Sales Velocity + Seasonal,7,,,system,2026-03-09 13:48:17
52,1522,SummitClimber Backpack,Camping,2024-03-15,Weekly,58,91.26,1.2,Growing,213,Sales Velocity + Seasonal,7,,,system,2026-03-09 13:48:17
53,1522,SummitClimber Backpack,Camping,2024-03-22,Weekly,58,97.62,1.2,Growing,213,Sales Velocity + Seasonal,7,,,system,2026-03-09 13:48:17
54,1522,SummitClimber Backpack,Camping,2024-03-29,Weekly,58,90.37,1.2,Growing,213,Sales Velocity + Seasonal,7,,,system,2026-03-09 13:48:17
55,1522,SummitClimber Backpack,Camping,2024-04-07,Monthly,306,94.31,1.4,Growing,213,Sales Velocity + Seasonal,30,,,system,2026-03-09 13:48:17
56,1522,SummitClimber Backpack,Camping,2024-05-07,Monthly,325,94.31,1.5,Growing,213,Sales Velocity + Seasonal,30,,,system,2026-03-09 13:48:17
57,1532,TrailBlaze Hiking Pants,Camping,2024-03-08,Monthly,203,93.21,1.2,Growing,166,Sales Velocity + Seasonal,30,,,system,2026-03-09 13:48:17
58,1532,TrailBlaze Hiking Pants,Camping,2024-03-08,Weekly,47,97.64,1.2,Growing,166,Sales Velocity + Seasonal,7,,,system,2026-03-09 13:48:17
59,1532,TrailBlaze Hiking Pants,Camping,2024-03-15,Weekly,47,89.75,1.2,Growing,166,Sales Velocity + Seasonal,7,,,system,2026-03-09 13:48:17
60,1532,TrailBlaze Hiking Pants,Camping,2024-03-22,Weekly,47,91.19,1.2,Growing,166,Sales Velocity + Seasonal,7,,,system,2026-03-09 13:48:17
61,1532,TrailBlaze Hiking Pants,Camping,2024-03-29,Weekly,47,97.74,1.2,Growing,166,Sales Velocity + Seasonal,7,,,system,2026-03-09 13:48:17
62,1532,TrailBlaze Hiking Pants,Camping,2024-04-07,Monthly,222,93.21,1.4,Growing,166,Sales Velocity + Seasonal,30,,,system,2026-03-09 13:48:17
63,1532,TrailBlaze Hiking Pants,Camping,2024-05-07,Monthly,253,93.21,1.5,Growing,166,Sales Velocity + Seasonal,30,,,system,2026-03-09 13:48:17
64,1542,TrailWalker Hiking Shoes,Camping,2024-03-08,Monthly,167,85.89,1.2,Growing,133,Sales Velocity + Seasonal,30,,,system,2026-03-09 13:48:17
65,1542,TrailWalker Hiking Shoes,Camping,2024-03-08,Weekly,38,88.9,1.2,Growing,133,Sales Velocity + Seasonal,7,,,system,2026-03-09 13:48:17
66,1542,TrailWalker Hiking Shoes,Camping,2024-03-15,Weekly,38,82.09,1.2,Growing,133,Sales Velocity + Seasonal,7,,,system,2026-03-09 13:48:17
67,1542,TrailWalker Hiking Shoes,Camping,2024-03-22,Weekly,38,85.56,1.2,Growing,133,Sales Velocity + Seasonal,7,,,system,2026-03-09 13:48:17
68,1542,TrailWalker Hiking Shoes,Camping,2024-03-29,Weekly,38,90.68,1.2,Growing,133,Sales Velocity + Seasonal,7,,,system,2026-03-09 13:48:17
69,1542,TrailWalker Hiking Shoes,Camping,2024-04-07,Monthly,191,85.89,1.4,Growing,133,Sales Velocity + Seasonal,30,,,system,2026-03-09 13:48:17
70,1542,TrailWalker Hiking Shoes,Camping,2024-05-07,Monthly,203,85.89,1.5,Growing,133,Sales Velocity + Seasonal,30,,,system,2026-03-09 13:48:17
71,1552,TrekMaster Camping Chair,Camping,2024-03-08,Monthly,96,85.92,1.2,Growing,82,Sales Velocity + Seasonal,30,,,system,2026-03-09 13:48:17
72,1552,TrekMaster Camping Chair,Camping,2024-03-08,Weekly,22,81.9,1.2,Growing,82,Sales Velocity + Seasonal,7,,,system,2026-03-09 13:48:17
73,1552,TrekMaster Camping Chair,Camping,2024-03-15,Weekly,22,85.23,1.2,Growing,82,Sales Velocity + Seasonal,7,,,system,2026-03-09 13:48:17
74,1552,TrekMaster Camping Chair,Camping,2024-03-22,Weekly,22,86.55,1.2,Growing,82,Sales Velocity + Seasonal,7,,,system,2026-03-09 13:48:17
75,1552,TrekMaster Camping Chair,Camping,2024-03-29,Weekly,22,82.64,1.2,Growing,82,Sales Velocity + Seasonal,7,,,system,2026-03-09 13:48:17
76,1552,TrekMaster Camping Chair,Camping,2024-04-07,Monthly,109,85.92,1.4,Growing,82,Sales Velocity + Seasonal,30,,,system,2026-03-09 13:48:17
77,1552,TrekMaster Camping Chair,Camping,2024-05-07,Monthly,122,85.92,1.5,Growing,82,Sales Velocity + Seasonal,30,,,system,2026-03-09 13:48:17
78,1562,PowerBurner Camping Stove,Camping,2024-03-08,Monthly,80,85.52,1.2,Growing,65,Sales Velocity + Seasonal,30,,,system,2026-03-09 13:48:17
79,1562,PowerBurner Camping Stove,Camping,2024-03-08,Weekly,18,87.24,1.2,Growing,65,Sales Velocity + Seasonal,7,,,system,2026-03-09 13:48:17
80,1562,PowerBurner Camping Stove,Camping,2024-03-15,Weekly,18,82.82,1.2,Growing,65,Sales Velocity + Seasonal,7,,,system,2026-03-09 13:48:17
81,1562,PowerBurner Camping Stove,Camping,2024-03-22,Weekly,18,84.74,1.2,Growing,65,Sales Velocity + Seasonal,7,,,system,2026-03-09 13:48:17
82,1562,PowerBurner Camping Stove,Camping,2024-03-29,Weekly,18,86.15,1.2,Growing,65,Sales Velocity + Seasonal,7,,,system,2026-03-09 13:48:17
83,1562,PowerBurner Camping Stove,Camping,2024-04-07,Monthly,90,85.52,1.4,Growing,65,Sales Velocity + Seasonal,30,,,system,2026-03-09 13:48:17
84,1562,PowerBurner Camping Stove,Camping,2024-05-07,Monthly,98,85.52,1.5,Growing,65,Sales Velocity + Seasonal,30,,,system,2026-03-09 13:48:17
85,1572,MountainDream Sleeping Bag,Camping,2024-03-08,Monthly,106,84.84,1.2,Growing,85,Sales Velocity + Seasonal,30,,,system,2026-03-09 13:48:17
86,1572,MountainDream Sleeping Bag,Camping,2024-03-08,Weekly,24,84.53,1.2,Growing,85,Sales Velocity + Seasonal,7,,,system,2026-03-09 13:48:17
87,1572,MountainDream Sleeping Bag,Camping,2024-03-15,Weekly,24,84.84,1.2,Growing,85,Sales Velocity + Seasonal,7,,,system,2026-03-09 13:48:17
88,1572,MountainDream Sleeping Bag,Camping,2024-03-22,Weekly,24,89.78,1.2,Growing,85,Sales Velocity + Seasonal,7,,,system,2026-03-09 13:48:17
89,1572,MountainDream Sleeping Bag,Camping,2024-03-29,Weekly,24,83.5,1.2,Growing,85,Sales Velocity + Seasonal,7,,,system,2026-03-09 13:48:17
90,1572,MountainDream Sleeping Bag,Camping,2024-04-07,Monthly,122,84.84,1.4,Growing,85,Sales Velocity + Seasonal,30,,,system,2026-03-09 13:48:17
91,1572,MountainDream Sleeping Bag,Camping,2024-05-07,Monthly,122,84.84,1.5,Growing,85,Sales Velocity + Seasonal,30,,,system,2026-03-09 13:48:17
92,1512,SkyView 2-Person Tent,Camping,2024-03-08,Monthly,244,80.36,1.2,Growing,206,Sales Velocity + Seasonal,30,,,system,2026-03-09 13:48:17
93,1512,SkyView 2-Person Tent,Camping,2024-03-08,Weekly,56,79.38,1.2,Growing,206,Sales Velocity + Seasonal,7,,,system,2026-03-09 13:48:17
94,1512,SkyView 2-Person Tent,Camping,2024-03-15,Weekly,56,76.69,1.2,Growing,206,Sales Velocity + Seasonal,7,,,system,2026-03-09 13:48:17
95,1512,SkyView 2-Person Tent,Camping,2024-03-22,Weekly,56,75.64,1.2,Growing,206,Sales Velocity + Seasonal,7,,,system,2026-03-09 13:48:17
96,1512,SkyView 2-Person Tent,Camping,2024-03-29,Weekly,56,76.35,1.2,Growing,206,Sales Velocity + Seasonal,7,,,system,2026-03-09 13:48:17
97,1512,SkyView 2-Person Tent,Camping,2024-04-07,Monthly,278,80.36,1.4,Growing,206,Sales Velocity + Seasonal,30,,,system,2026-03-09 13:48:17
98,1512,SkyView 2-Person Tent,Camping,2024-05-07,Monthly,299,80.36,1.5,Growing,206,Sales Velocity + Seasonal,30,,,system,2026-03-09 13:48:17
99,1523,TrailLite Daypack,Camping,2024-03-08,Monthly,248,81.35,1.2,Growing,210,Sales Velocity + Seasonal,30,,,system,2026-03-09 13:48:17
100,1523,TrailLite Daypack,Camping,2024-03-08,Weekly,57,77.43,1.2,Growing,210,Sales Velocity + Seasonal,7,,,system,2026-03-09 13:48:17
101,1523,TrailLite Daypack,Camping,2024-03-15,Weekly,57,84.91,1.2,Growing,210,Sales Velocity + Seasonal,7,,,system,2026-03-09 13:48:17
102,1523,TrailLite Daypack,Camping,2024-03-22,Weekly,57,79.28,1.2,Growing,210,Sales Velocity + Seasonal,7,,,system,2026-03-09 13:48:17
103,1523,TrailLite Daypack,Camping,2024-03-29,Weekly,57,82.36,1.2,Growing,210,Sales Velocity + Seasonal,7,,,system,2026-03-09 13:48:17
104,1523,TrailLite Daypack,Camping,2024-04-07,Monthly,283,81.35,1.4,Growing,210,Sales Velocity + Seasonal,30,,,system,2026-03-09 13:48:17
105,1523,TrailLite Daypack,Camping,2024-05-07,Monthly,325,81.35,1.5,Growing,210,Sales Velocity + Seasonal,30,,,system,2026-03-09 13:48:17
106,1533,RainGuard Hiking Jacket,Camping,2024-03-08,Monthly,203,89.79,1.2,Growing,177,Sales Velocity + Seasonal,30,,,system,2026-03-09 13:48:17
107,1533,RainGuard Hiking Jacket,Camping,2024-03-08,Weekly,47,94.29,1.2,Growing,177,Sales Velocity + Seasonal,7,,,system,2026-03-09 13:48:17
108,1533,RainGuard Hiking Jacket,Camping,2024-03-15,Weekly,47,86.95,1.2,Growing,177,Sales Velocity + Seasonal,7,,,system,2026-03-09 13:48:17
109,1533,RainGuard Hiking Jacket,Camping,2024-03-22,Weekly,47,86.86,1.2,Growing,177,Sales Velocity + Seasonal,7,,,system,2026-03-09 13:48:17
110,1533,RainGuard Hiking Jacket,Camping,2024-03-29,Weekly,47,89.63,1.2,Growing,177,Sales Velocity + Seasonal,7,,,system,2026-03-09 13:48:17
111,1533,RainGuard Hiking Jacket,Camping,2024-04-07,Monthly,251,89.79,1.4,Growing,177,Sales Velocity + Seasonal,30,,,system,2026-03-09 13:48:17
112,1533,RainGuard Hiking Jacket,Camping,2024-05-07,Monthly,252,89.79,1.5,Growing,177,Sales Velocity + Seasonal,30,,,system,2026-03-09 13:48:17
113,1543,TrekStar Hiking Sandals,Camping,2024-03-08,Monthly,155,88.73,1.2,Growing,136,Sales Velocity + Seasonal,30,,,system,2026-03-09 13:48:17
114,1543,TrekStar Hiking Sandals,Camping,2024-03-08,Weekly,36,92.34,1.2,Growing,136,Sales Velocity + Seasonal,7,,,system,2026-03-09 13:48:17
115,1543,TrekStar Hiking Sandals,Camping,2024-03-15,Weekly,36,92.23,1.2,Growing,136,Sales Velocity + Seasonal,7,,,system,2026-03-09 13:48:17
116,1543,TrekStar Hiking Sandals,Camping,2024-03-22,Weekly,36,91.24,1.2,Growing,136,Sales Velocity + Seasonal,7,,,system,2026-03-09 13:48:17
117,1543,TrekStar Hiking Sandals,Camping,2024-03-29,Weekly,36,93.28,1.2,Growing,136,Sales Velocity + Seasonal,7,,,system,2026-03-09 13:48:17
118,1543,TrekStar Hiking Sandals,Camping,2024-04-07,Monthly,193,88.73,1.4,Growing,136,Sales Velocity + Seasonal,30,,,system,2026-03-09 13:48:17
119,1543,TrekStar Hiking Sandals,Camping,2024-05-07,Monthly,195,88.73,1.5,Growing,136,Sales Velocity + Seasonal,30,,,system,2026-03-09 13:48:17
120,1553,Adventure Dining Table,Camping,2024-03-08,Monthly,103,82.07,1.2,Growing,85,Sales Velocity + Seasonal,30,,,system,2026-03-09 13:48:17
121,1553,Adventure Dining Table,Camping,2024-03-08,Weekly,23,84.52,1.2,Growing,85,Sales Velocity + Seasonal,7,,,system,2026-03-09 13:48:17
122,1553,Adventure Dining Table,Camping,2024-03-15,Weekly,23,78.16,1.2,Growing,85,Sales Velocity + Seasonal,7,,,system,2026-03-09 13:48:17
123,1553,Adventure Dining Table,Camping,2024-03-22,Weekly,23,81.38,1.2,Growing,85,Sales Velocity + Seasonal,7,,,system,2026-03-09 13:48:17
124,1553,Adventure Dining Table,Camping,2024-03-29,Weekly,23,85.74,1.2,Growing,85,Sales Velocity + Seasonal,7,,,system,2026-03-09 13:48:17
125,1553,Adventure Dining Table,Camping,2024-04-07,Monthly,115,82.07,1.4,Growing,85,Sales Velocity + Seasonal,30,,,system,2026-03-09 13:48:17
126,1553,Adventure Dining Table,Camping,2024-05-07,Monthly,131,82.07,1.5,Growing,85,Sales Velocity + Seasonal,30,,,system,2026-03-09 13:48:17
127,1563,CompactCook Camping Stove,Camping,2024-03-08,Monthly,72,82.63,1.2,Growing,61,Sales Velocity + Seasonal,30,,,system,2026-03-09 13:48:17
128,1563,CompactCook Camping Stove,Camping,2024-03-08,Weekly,16,86.95,1.2,Growing,61,Sales Velocity + Seasonal,7,,,system,2026-03-09 13:48:17
129,1563,CompactCook Camping Stove,Camping,2024-03-15,Weekly,16,85.46,1.2,Growing,61,Sales Velocity + Seasonal,7,,,system,2026-03-09 13:48:17
130,1563,CompactCook Camping Stove,Camping,2024-03-22,Weekly,16,78.84,1.2,Growing,61,Sales Velocity + Seasonal,7,,,system,2026-03-09 13:48:17
131,1563,CompactCook Camping Stove,Camping,2024-03-29,Weekly,16,83.55,1.2,Growing,61,Sales Velocity + Seasonal,7,,,system,2026-03-09 13:48:17
132,1563,CompactCook Camping Stove,Camping,2024-04-07,Monthly,83,82.63,1.4,Growing,61,Sales Velocity + Seasonal,30,,,system,2026-03-09 13:48:17
133,1563,CompactCook Camping Stove,Camping,2024-05-07,Monthly,95,82.63,1.5,Growing,61,Sales Velocity + Seasonal,30,,,system,2026-03-09 13:48:17
134,1581,LED Headlamp - Rechargeable,Camping,2024-03-08,Monthly,43,93.28,1.2,Growing,36,Sales Velocity + Seasonal,30,,,system,2026-03-09 13:48:17
135,1581,LED Headlamp - Rechargeable,Camping,2024-03-08,Weekly,10,96.35,1.2,Growing,36,Sales Velocity + Seasonal,7,,,system,2026-03-09 13:48:17
136,1581,LED Headlamp - Rechargeable,Camping,2024-03-15,Weekly,10,97.44,1.2,Growing,36,Sales Velocity + Seasonal,7,,,system,2026-03-09 13:48:17
137,1581,LED Headlamp - Rechargeable,Camping,2024-03-22,Weekly,10,90.16,1.2,Growing,36,Sales Velocity + Seasonal,7,,,system,2026-03-09 13:48:17
138,1581,LED Headlamp - Rechargeable,Camping,2024-03-29,Weekly,10,97.7,1.2,Growing,36,Sales Velocity + Seasonal,7,,,system,2026-03-09 13:48:17
139,1581,LED Headlamp - Rechargeable,Camping,2024-04-07,Monthly,52,93.28,1.4,Growing,36,Sales Velocity + Seasonal,30,,,system,2026-03-09 13:48:17
140,1581,LED Headlamp - Rechargeable,Camping,2024-05-07,Monthly,54,93.28,1.5,Growing,36,Sales Velocity + Seasonal,30,,,system,2026-03-09 13:48:17
141,2011,Coffee Maker,Kitchen,2024-03-08,Monthly,961,92.43,1.0,Stable,966,Sales Velocity + Seasonal,30,,,system,2026-03-09 13:48:17
142,2011,Coffee Maker,Kitchen,2024-03-08,Weekly,223,94.54,1.0,Stable,966,Sales Velocity + Seasonal,7,,,system,2026-03-09 13:48:17
143,2011,Coffee Maker,Kitchen,2024-03-15,Weekly,223,89.36,1.0,Stable,966,Sales Velocity + Seasonal,7,,,system,2026-03-09 13:48:17
144,2011,Coffee Maker,Kitchen,2024-03-22,Weekly,223,94.92,1.0,Stable,966,Sales Velocity + Seasonal,7,,,system,2026-03-09 13:48:17
145,2011,Coffee Maker,Kitchen,2024-03-29,Weekly,223,95.65,1.0,Stable,966,Sales Velocity + Seasonal,7,,,system,2026-03-09 13:48:17
146,2011,Coffee Maker,Kitchen,2024-04-07,Monthly,1043,92.43,1.1,Stable,966,Sales Velocity + Seasonal,30,,,system,2026-03-09 13:48:17
147,2011,Coffee Maker,Kitchen,2024-05-07,Monthly,963,92.43,1.0,Stable,966,Sales Velocity + Seasonal,30,,,system,2026-03-09 13:48:17
148,2012,Espresso Machine,Kitchen,2024-03-08,Monthly,1001,82.99,1.0,Stable,976,Sales Velocity + Seasonal,30,,,system,2026-03-09 13:48:17
149,2012,Espresso Machine,Kitchen,2024-03-08,Weekly,232,85.09,1.0,Stable,976,Sales Velocity + Seasonal,7,,,system,2026-03-09 13:48:17
150,2012,Espresso Machine,Kitchen,2024-03-15,Weekly,232,81.08,1.0,Stable,976,Sales Velocity + Seasonal,7,,,system,2026-03-09 13:48:17
151,2012,Espresso Machine,Kitchen,2024-03-22,Weekly,232,84.72,1.0,Stable,976,Sales Velocity + Seasonal,7,,,system,2026-03-09 13:48:17
152,2012,Espresso Machine,Kitchen,2024-03-29,Weekly,232,78.04,1.0,Stable,976,Sales Velocity + Seasonal,7,,,system,2026-03-09 13:48:17
153,2012,Espresso Machine,Kitchen,2024-04-07,Monthly,1106,82.99,1.1,Stable,976,Sales Velocity + Seasonal,30,,,system,2026-03-09 13:48:17
154,2012,Espresso Machine,Kitchen,2024-05-07,Monthly,1009,82.99,1.0,Stable,976,Sales Velocity + Seasonal,30,,,system,2026-03-09 13:48:17
155,2021,Chef Knife,Kitchen,2024-03-08,Monthly,650,94.45,1.0,Stable,646,Sales Velocity + Seasonal,30,,,system,2026-03-09 13:48:17
156,2021,Chef Knife,Kitchen,2024-03-08,Weekly,151,93.73,1.0,Stable,646,Sales Velocity + Seasonal,7,,,system,2026-03-09 13:48:17
157,2021,Chef Knife,Kitchen,2024-03-15,Weekly,151,93.84,1.0,Stable,646,Sales Velocity + Seasonal,7,,,system,2026-03-09 13:48:17
158,2021,Chef Knife,Kitchen,2024-03-22,Weekly,151,95.37,1.0,Stable,646,Sales Velocity + Seasonal,7,,,system,2026-03-09 13:48:17
159,2021,Chef Knife,Kitchen,2024-03-29,Weekly,151,95.38,1.0,Stable,646,Sales Velocity + Seasonal,7,,,system,2026-03-09 13:48:17
160,2021,Chef Knife,Kitchen,2024-04-07,Monthly,708,94.45,1.1,Stable,646,Sales Velocity + Seasonal,30,,,system,2026-03-09 13:48:17
161,2021,Chef Knife,Kitchen,2024-05-07,Monthly,655,94.45,1.0,Stable,646,Sales Velocity + Seasonal,30,,,system,2026-03-09 13:48:17
162,2022,Fork Set,Kitchen,2024-03-08,Monthly,604,88.61,1.0,Stable,618,Sales Velocity + Seasonal,30,,,system,2026-03-09 13:48:17
163,2022,Fork Set,Kitchen,2024-03-08,Weekly,140,89.21,1.0,Stable,618,Sales Velocity + Seasonal,7,,,system,2026-03-09 13:48:17
164,2022,Fork Set,Kitchen,2024-03-15,Weekly,140,88.54,1.0,Stable,618,Sales Velocity + Seasonal,7,,,system,2026-03-09 13:48:17
165,2022,Fork Set,Kitchen,2024-03-22,Weekly,140,90.53,1.0,Stable,618,Sales Velocity + Seasonal,7,,,system,2026-03-09 13:48:17
166,2022,Fork Set,Kitchen,2024-03-29,Weekly,140,87.22,1.0,Stable,618,Sales Velocity + Seasonal,7,,,system,2026-03-09 13:48:17
167,2022,Fork Set,Kitchen,2024-04-07,Monthly,688,88.61,1.1,Stable,618,Sales Velocity + Seasonal,30,,,system,2026-03-09 13:48:17
168,2022,Fork Set,Kitchen,2024-05-07,Monthly,619,88.61,1.0,Stable,618,Sales Velocity + Seasonal,30,,,system,2026-03-09 13:48:17
169,2031,Coffee Mug,Kitchen,2024-03-08,Monthly,791,92.75,1.0,Stable,802,Sales Velocity + Seasonal,30,,,system,2026-03-09 13:48:17
170,2031,Coffee Mug,Kitchen,2024-03-08,Weekly,183,95.13,1.0,Stable,802,Sales Velocity + Seasonal,7,,,system,2026-03-09 13:48:17
171,2031,Coffee Mug,Kitchen,2024-03-15,Weekly,183,93.19,1.0,Stable,802,Sales Velocity + Seasonal,7,,,system,2026-03-09 13:48:17
172,2031,Coffee Mug,Kitchen,2024-03-22,Weekly,183,94.31,1.0,Stable,802,Sales Velocity + Seasonal,7,,,system,2026-03-09 13:48:17
173,2031,Coffee Mug,Kitchen,2024-03-29,Weekly,183,96.42,1.0,Stable,802,Sales Velocity + Seasonal,7,,,system,2026-03-09 13:48:17
174,2031,Coffee Mug,Kitchen,2024-04-07,Monthly,839,92.75,1.1,Stable,802,Sales Velocity + Seasonal,30,,,system,2026-03-09 13:48:17
175,2031,Coffee Mug,Kitchen,2024-05-07,Monthly,793,92.75,1.0,Stable,802,Sales Velocity + Seasonal,30,,,system,2026-03-09 13:48:17
176,2041,Serving Platter,Kitchen,2024-03-08,Monthly,681,82.75,1.0,Stable,702,Sales Velocity + Seasonal,30,,,system,2026-03-09 13:48:17
177,2041,Serving Platter,Kitchen,2024-03-08,Weekly,158,78.21,1.0,Stable,702,Sales Velocity + Seasonal,7,,,system,2026-03-09 13:48:17
178,2041,Serving Platter,Kitchen,2024-03-15,Weekly,158,81.34,1.0,Stable,702,Sales Velocity + Seasonal,7,,,system,2026-03-09 13:48:17
179,2041,Serving Platter,Kitchen,2024-03-22,Weekly,158,85.95,1.0,Stable,702,Sales Velocity + Seasonal,7,,,system,2026-03-09 13:48:17
180,2041,Serving Platter,Kitchen,2024-03-29,Weekly,158,79.85,1.0,Stable,702,Sales Velocity + Seasonal,7,,,system,2026-03-09 13:48:17
181,2041,Serving Platter,Kitchen,2024-04-07,Monthly,764,82.75,1.1,Stable,702,Sales Velocity + Seasonal,30,,,system,2026-03-09 13:48:17
182,2041,Serving Platter,Kitchen,2024-05-07,Monthly,724,82.75,1.0,Stable,702,Sales Velocity + Seasonal,30,,,system,2026-03-09 13:48:17
183,2051,Ice Cream Bowl,Kitchen,2024-03-08,Monthly,436,84.44,1.0,Stable,432,Sales Velocity + Seasonal,30,,,system,2026-03-09 13:48:17
184,2051,Ice Cream Bowl,Kitchen,2024-03-08,Weekly,101,87.4,1.0,Stable,432,Sales Velocity + Seasonal,7,,,system,2026-03-09 13:48:17
185,2051,Ice Cream Bowl,Kitchen,2024-03-15,Weekly,101,86.33,1.0,Stable,432,Sales Velocity + Seasonal,7,,,system,2026-03-09 13:48:17
186,2051,Ice Cream Bowl,Kitchen,2024-03-22,Weekly,101,84.01,1.0,Stable,432,Sales Velocity + Seasonal,7,,,system,2026-03-09 13:48:17
187,2051,Ice Cream Bowl,Kitchen,2024-03-29,Weekly,101,87.14,1.0,Stable,432,Sales Velocity + Seasonal,7,,,system,2026-03-09 13:48:17
188,2051,Ice Cream Bowl,Kitchen,2024-04-07,Monthly,489,84.44,1.1,Stable,432,Sales Velocity + Seasonal,30,,,system,2026-03-09 13:48:17
189,2051,Ice Cream Bowl,Kitchen,2024-05-07,Monthly,415,84.44,1.0,Stable,432,Sales Velocity + Seasonal,30,,,system,2026-03-09 13:48:17
190,2061,Mixing Bowl,Kitchen,2024-03-08,Monthly,509,86.48,1.0,Stable,501,Sales Velocity + Seasonal,30,,,system,2026-03-09 13:48:17
191,2061,Mixing Bowl,Kitchen,2024-03-08,Weekly,118,82.25,1.0,Stable,501,Sales Velocity + Seasonal,7,,,system,2026-03-09 13:48:17
192,2061,Mixing Bowl,Kitchen,2024-03-15,Weekly,118,87.39,1.0,Stable,501,Sales Velocity + Seasonal,7,,,system,2026-03-09 13:48:17
193,2061,Mixing Bowl,Kitchen,2024-03-22,Weekly,118,89.32,1.0,Stable,501,Sales Velocity + Seasonal,7,,,system,2026-03-09 13:48:17
194,2061,Mixing Bowl,Kitchen,2024-03-29,Weekly,118,81.9,1.0,Stable,501,Sales Velocity + Seasonal,7,,,system,2026-03-09 13:48:17
195,2061,Mixing Bowl,Kitchen,2024-04-07,Monthly,552,86.48,1.1,Stable,501,Sales Velocity + Seasonal,30,,,system,2026-03-09 13:48:17
196,2061,Mixing Bowl,Kitchen,2024-05-07,Monthly,488,86.48,1.0,Stable,501,Sales Velocity + Seasonal,30,,,system,2026-03-09 13:48:17
197,2071,Baking Pan,Kitchen,2024-03-08,Monthly,528,86.98,1.0,Stable,547,Sales Velocity + Seasonal,30,,,system,2026-03-09 13:48:17
198,2071,Baking Pan,Kitchen,2024-03-08,Weekly,122,85.3,1.0,Stable,547,Sales Velocity + Seasonal,7,,,system,2026-03-09 13:48:17
199,2071,Baking Pan,Kitchen,2024-03-15,Weekly,122,84.11,1.0,Stable,547,Sales Velocity + Seasonal,7,,,system,2026-03-09 13:48:17
200,2071,Baking Pan,Kitchen,2024-03-22,Weekly,122,90.48,1.0,Stable,547,Sales Velocity + Seasonal,7,,,system,2026-03-09 13:48:17
201,2071,Baking Pan,Kitchen,2024-03-29,Weekly,122,84.56,1.0,Stable,547,Sales Velocity + Seasonal,7,,,system,2026-03-09 13:48:17
202,2071,Baking Pan,Kitchen,2024-04-07,Monthly,610,86.98,1.1,Stable,547,Sales Velocity + Seasonal,30,,,system,2026-03-09 13:48:17
203,2071,Baking Pan,Kitchen,2024-05-07,Monthly,544,86.98,1.0,Stable,547,Sales Velocity + Seasonal,30,,,system,2026-03-09 13:48:17
204,2081,Food Storage Set,Kitchen,2024-03-08,Monthly,326,83.38,1.0,Stable,311,Sales Velocity + Seasonal,30,,,system,2026-03-09 13:48:17
205,2081,Food Storage Set,Kitchen,2024-03-08,Weekly,75,82.87,1.0,Stable,311,Sales Velocity + Seasonal,7,,,system,2026-03-09 13:48:17
206,2081,Food Storage Set,Kitchen,2024-03-15,Weekly,75,79.32,1.0,Stable,311,Sales Velocity + Seasonal,7,,,system,2026-03-09 13:48:17
207,2081,Food Storage Set,Kitchen,2024-03-22,Weekly,75,85.01,1.0,Stable,311,Sales Velocity + Seasonal,7,,,system,2026-03-09 13:48:17
208,2081,Food Storage Set,Kitchen,2024-03-29,Weekly,75,84.56,1.0,Stable,311,Sales Velocity + Seasonal,7,,,system,2026-03-09 13:48:17
209,2081,Food Storage Set,Kitchen,2024-04-07,Monthly,329,83.38,1.1,Stable,311,Sales Velocity + Seasonal,30,,,system,2026-03-09 13:48:17
210,2081,Food Storage Set,Kitchen,2024-05-07,Monthly,318,83.38,1.0,Stable,311,Sales Velocity + Seasonal,30,,,system,2026-03-09 13:48:17
211,2091,Spatula,Kitchen,2024-03-08,Monthly,249,94.4,1.0,Stable,254,Sales Velocity + Seasonal,30,,,system,2026-03-09 13:48:17
212,2091,Spatula,Kitchen,2024-03-08,Weekly,57,96.29,1.0,Stable,254,Sales Velocity + Seasonal,7,,,system,2026-03-09 13:48:17
213,2091,Spatula,Kitchen,2024-03-15,Weekly,57,97.64,1.0,Stable,254,Sales Velocity + Seasonal,7,,,system,2026-03-09 13:48:17
214,2091,Spatula,Kitchen,2024-03-22,Weekly,57,95.1,1.0,Stable,254,Sales Velocity + Seasonal,7,,,system,2026-03-09 13:48:17
215,2091,Spatula,Kitchen,2024-03-29,Weekly,57,91.04,1.0,Stable,254,Sales Velocity + Seasonal,7,,,system,2026-03-09 13:48:17
216,2091,Spatula,Kitchen,2024-04-07,Monthly,270,94.4,1.1,Stable,254,Sales Velocity + Seasonal,30,,,system,2026-03-09 13:48:17
217,2091,Spatula,Kitchen,2024-05-07,Monthly,254,94.4,1.0,Stable,254,Sales Velocity + Seasonal,30,,,system,2026-03-09 13:48:17
218,2101,Measuring Cup Set,Kitchen,2024-03-08,Monthly,250,77.42,1.0,Stable,245,Sales Velocity + Seasonal,30,,,system,2026-03-09 13:48:17
219,2101,Measuring Cup Set,Kitchen,2024-03-08,Weekly,58,79.67,1.0,Stable,245,Sales Velocity + Seasonal,7,,,system,2026-03-09 13:48:17
220,2101,Measuring Cup Set,Kitchen,2024-03-15,Weekly,58,74.74,1.0,Stable,245,Sales Velocity + Seasonal,7,,,system,2026-03-09 13:48:17
221,2101,Measuring Cup Set,Kitchen,2024-03-22,Weekly,58,77.78,1.0,Stable,245,Sales Velocity + Seasonal,7,,,system,2026-03-09 13:48:17
222,2101,Measuring Cup Set,Kitchen,2024-03-29,Weekly,58,80.52,1.0,Stable,245,Sales Velocity + Seasonal,7,,,system,2026-03-09 13:48:17
223,2101,Measuring Cup Set,Kitchen,2024-04-07,Monthly,259,77.42,1.1,Stable,245,Sales Velocity + Seasonal,30,,,system,2026-03-09 13:48:17
224,2101,Measuring Cup Set,Kitchen,2024-05-07,Monthly,245,77.42,1.0,Stable,245,Sales Velocity + Seasonal,30,,,system,2026-03-09 13:48:17
225,2111,High-Speed Blender,Kitchen,2024-03-08,Monthly,229,78.59,1.0,Stable,237,Sales Velocity + Seasonal,30,,,system,2026-03-09 13:48:17
226,2111,High-Speed Blender,Kitchen,2024-03-08,Weekly,53,81.0,1.0,Stable,237,Sales Velocity + Seasonal,7,,,system,2026-03-09 13:48:17
227,2111,High-Speed Blender,Kitchen,2024-03-15,Weekly,53,79.05,1.0,Stable,237,Sales Velocity + Seasonal,7,,,system,2026-03-09 13:48:17
228,2111,High-Speed Blender,Kitchen,2024-03-22,Weekly,53,76.27,1.0,Stable,237,Sales Velocity + Seasonal,7,,,system,2026-03-09 13:48:17
229,2111,High-Speed Blender,Kitchen,2024-03-29,Weekly,53,76.06,1.0,Stable,237,Sales Velocity + Seasonal,7,,,system,2026-03-09 13:48:17
230,2111,High-Speed Blender,Kitchen,2024-04-07,Monthly,252,78.59,1.1,Stable,237,Sales Velocity + Seasonal,30,,,system,2026-03-09 13:48:17
231,2111,High-Speed Blender,Kitchen,2024-05-07,Monthly,229,78.59,1.0,Stable,237,Sales Velocity + Seasonal,30,,,system,2026-03-09 13:48:17
232,2112,4-Slice Toaster,Kitchen,2024-03-08,Monthly,246,82.7,1.0,Stable,245,Sales Velocity + Seasonal,30,,,system,2026-03-09 13:48:17
233,2112,4-Slice Toaster,Kitchen,2024-03-08,Weekly,57,87.52,1.0,Stable,245,Sales Velocity + Seasonal,7,,,system,2026-03-09 13:48:17
234,2112,4-Slice Toaster,Kitchen,2024-03-15,Weekly,57,80.57,1.0,Stable,245,Sales Velocity + Seasonal,7,,,system,2026-03-09 13:48:17
235,2112,4-Slice Toaster,Kitchen,2024-03-22,Weekly,57,83.66,1.0,Stable,245,Sales Velocity + Seasonal,7,,,system,2026-03-09 13:48:17
236,2112,4-Slice Toaster,Kitchen,2024-03-29,Weekly,57,79.48,1.0,Stable,245,Sales Velocity + Seasonal,7,,,system,2026-03-09 13:48:17
237,2112,4-Slice Toaster,Kitchen,2024-04-07,Monthly,271,82.7,1.1,Stable,245,Sales Velocity + Seasonal,30,,,system,2026-03-09 13:48:17
238,2112,4-Slice Toaster,Kitchen,2024-05-07,Monthly,245,82.7,1.0,Stable,245,Sales Velocity + Seasonal,30,,,system,2026-03-09 13:48:17
239,2121,Bamboo Cutting Board Set,Kitchen,2024-03-08,Monthly,232,78.53,1.0,Stable,242,Sales Velocity + Seasonal,30,,,system,2026-03-09 13:48:17
240,2121,Bamboo Cutting Board Set,Kitchen,2024-03-08,Weekly,53,77.67,1.0,Stable,242,Sales Velocity + Seasonal,7,,,system,2026-03-09 13:48:17
241,2121,Bamboo Cutting Board Set,Kitchen,2024-03-15,Weekly,53,77.43,1.0,Stable,242,Sales Velocity + Seasonal,7,,,system,2026-03-09 13:48:17
242,2121,Bamboo Cutting Board Set,Kitchen,2024-03-22,Weekly,53,82.17,1.0,Stable,242,Sales Velocity + Seasonal,7,,,system,2026-03-09 13:48:17
243,2121,Bamboo Cutting Board Set,Kitchen,2024-03-29,Weekly,53,78.08,1.0,Stable,242,Sales Velocity + Seasonal,7,,,system,2026-03-09 13:48:17
244,2121,Bamboo Cutting Board Set,Kitchen,2024-04-07,Monthly,279,78.53,1.1,Stable,242,Sales Velocity + Seasonal,30,,,system,2026-03-09 13:48:17
245,2121,Bamboo Cutting Board Set,Kitchen,2024-05-07,Monthly,248,78.53,1.0,Stable,242,Sales Velocity + Seasonal,30,,,system,2026-03-09 13:48:17
246,3011,Alpine Pro Racing Skis - 170cm,Ski,2024-03-08,Monthly,38,94.32,1.3,Growing,31,Sales Velocity + Seasonal,30,,,system,2026-03-09 13:48:17
247,3011,Alpine Pro Racing Skis - 170cm,Ski,2024-03-08,Weekly,8,95.25,1.3,Growing,31,Sales Velocity + Seasonal,7,,,system,2026-03-09 13:48:17
248,3011,Alpine Pro Racing Skis - 170cm,Ski,2024-03-15,Weekly,8,94.43,1.3,Growing,31,Sales Velocity + Seasonal,7,,,system,2026-03-09 13:48:17
249,3011,Alpine Pro Racing Skis - 170cm,Ski,2024-03-22,Weekly,8,90.62,1.3,Growing,31,Sales Velocity + Seasonal,7,,,system,2026-03-09 13:48:17
250,3011,Alpine Pro Racing Skis - 170cm,Ski,2024-03-29,Weekly,8,92.2,1.3,Growing,31,Sales Velocity + Seasonal,7,,,system,2026-03-09 13:48:17
251,3011,Alpine Pro Racing Skis - 170cm,Ski,2024-04-07,Monthly,23,94.32,0.8,Declining,31,Sales Velocity + Seasonal,30,,,system,2026-03-09 13:48:17
252,3011,Alpine Pro Racing Skis - 170cm,Ski,2024-05-07,Monthly,19,94.32,0.6,Declining,31,Sales Velocity + Seasonal,30,,,system,2026-03-09 13:48:17
253,3012,Mountain Master All-Terrain Skis - 165cm,Ski,2024-03-08,Monthly,38,75.92,1.3,Growing,30,Sales Velocity + Seasonal,30,,,system,2026-03-09 13:48:17
254,3012,Mountain Master All-Terrain Skis - 165cm,Ski,2024-03-08,Weekly,8,79.88,1.3,Growing,30,Sales Velocity + Seasonal,7,,,system,2026-03-09 13:48:17
255,3012,Mountain Master All-Terrain Skis - 165cm,Ski,2024-03-15,Weekly,8,79.31,1.3,Growing,30,Sales Velocity + Seasonal,7,,,system,2026-03-09 13:48:17
256,3012,Mountain Master All-Terrain Skis - 165cm,Ski,2024-03-22,Weekly,8,78.52,1.3,Growing,30,Sales Velocity + Seasonal,7,,,system,2026-03-09 13:48:17
257,3012,Mountain Master All-Terrain Skis - 165cm,Ski,2024-03-29,Weekly,8,78.6,1.3,Growing,30,Sales Velocity + Seasonal,7,,,system,2026-03-09 13:48:17
258,3012,Mountain Master All-Terrain Skis - 165cm,Ski,2024-04-07,Monthly,23,75.92,0.8,Declining,30,Sales Velocity + Seasonal,30,,,system,2026-03-09 13:48:17
259,3012,Mountain Master All-Terrain Skis - 165cm,Ski,2024-05-07,Monthly,18,75.92,0.6,Declining,30,Sales Velocity + Seasonal,30,,,system,2026-03-09 13:48:17
260,3013,Beginner's Choice Alpine Skis - 160cm,Ski,2024-03-08,Monthly,36,78.26,1.3,Growing,29,Sales Velocity + Seasonal,30,,,system,2026-03-09 13:48:17
261,3013,Beginner's Choice Alpine Skis - 160cm,Ski,2024-03-08,Weekly,8,74.88,1.3,Growing,29,Sales Velocity + Seasonal,7,,,system,2026-03-09 13:48:17
262,3013,Beginner's Choice Alpine Skis - 160cm,Ski,2024-03-15,Weekly,8,82.52,1.3,Growing,29,Sales Velocity + Seasonal,7,,,system,2026-03-09 13:48:17
263,3013,Beginner's Choice Alpine Skis - 160cm,Ski,2024-03-22,Weekly,8,80.88,1.3,Growing,29,Sales Velocity + Seasonal,7,,,system,2026-03-09 13:48:17
264,3013,Beginner's Choice Alpine Skis - 160cm,Ski,2024-03-29,Weekly,8,74.37,1.3,Growing,29,Sales Velocity + Seasonal,7,,,system,2026-03-09 13:48:17
265,3013,Beginner's Choice Alpine Skis - 160cm,Ski,2024-04-07,Monthly,23,78.26,0.8,Declining,29,Sales Velocity + Seasonal,30,,,system,2026-03-09 13:48:17
266,3013,Beginner's Choice Alpine Skis - 160cm,Ski,2024-05-07,Monthly,16,78.26,0.6,Declining,29,Sales Velocity + Seasonal,30,,,system,2026-03-09 13:48:17
267,3021,Nordic Classic XC Skis - 185cm,Ski,2024-03-08,Monthly,16,88.45,1.3,Growing,13,Sales Velocity + Seasonal,30,,,system,2026-03-09 13:48:17
268,3021,Nordic Classic XC Skis - 185cm,Ski,2024-03-08,Weekly,3,86.11,1.3,Growing,13,Sales Velocity + Seasonal,7,,,system,2026-03-09 13:48:17
269,3021,Nordic Classic XC Skis - 185cm,Ski,2024-03-15,Weekly,3,85.33,1.3,Growing,13,Sales Velocity + Seasonal,7,,,system,2026-03-09 13:48:17
270,3021,Nordic Classic XC Skis - 185cm,Ski,2024-03-22,Weekly,3,87.17,1.3,Growing,13,Sales Velocity + Seasonal,7,,,system,2026-03-09 13:48:17
271,3021,Nordic Classic XC Skis - 185cm,Ski,2024-03-29,Weekly,3,89.28,1.3,Growing,13,Sales Velocity + Seasonal,7,,,system,2026-03-09 13:48:17
272,3021,Nordic Classic XC Skis - 185cm,Ski,2024-04-07,Monthly,10,88.45,0.8,Declining,13,Sales Velocity + Seasonal,30,,,system,2026-03-09 13:48:17
273,3021,Nordic Classic XC Skis - 185cm,Ski,2024-05-07,Monthly,7,88.45,0.6,Declining,13,Sales Velocity + Seasonal,30,,,system,2026-03-09 13:48:17
274,3022,Backcountry Explorer XC Skis - 190cm,Ski,2024-03-08,Monthly,18,93.91,1.3,Growing,14,Sales Velocity + Seasonal,30,,,system,2026-03-09 13:48:17
275,3022,Backcountry Explorer XC Skis - 190cm,Ski,2024-03-08,Weekly,4,94.78,1.3,Growing,14,Sales Velocity + Seasonal,7,,,system,2026-03-09 13:48:17
276,3022,Backcountry Explorer XC Skis - 190cm,Ski,2024-03-15,Weekly,4,94.28,1.3,Growing,14,Sales Velocity + Seasonal,7,,,system,2026-03-09 13:48:17
277,3022,Backcountry Explorer XC Skis - 190cm,Ski,2024-03-22,Weekly,4,95.01,1.3,Growing,14,Sales Velocity + Seasonal,7,,,system,2026-03-09 13:48:17
278,3022,Backcountry Explorer XC Skis - 190cm,Ski,2024-03-29,Weekly,4,95.74,1.3,Growing,14,Sales Velocity + Seasonal,7,,,system,2026-03-09 13:48:17
279,3022,Backcountry Explorer XC Skis - 190cm,Ski,2024-04-07,Monthly,11,93.91,0.8,Declining,14,Sales Velocity + Seasonal,30,,,system,2026-03-09 13:48:17
280,3022,Backcountry Explorer XC Skis - 190cm,Ski,2024-05-07,Monthly,8,93.91,0.6,Declining,14,Sales Velocity + Seasonal,30,,,system,2026-03-09 13:48:17
281,3031,Pro Flex Racing Ski Boots,Ski,2024-03-08,Monthly,42,76.51,1.3,Growing,32,Sales Velocity + Seasonal,30,,,system,2026-03-09 13:48:17
282,3031,Pro Flex Racing Ski Boots,Ski,2024-03-08,Weekly,9,73.82,1.3,Growing,32,Sales Velocity + Seasonal,7,,,system,2026-03-09 13:48:17
283,3031,Pro Flex Racing Ski Boots,Ski,2024-03-15,Weekly,9,76.49,1.3,Growing,32,Sales Velocity + Seasonal,7,,,system,2026-03-09 13:48:17
284,3031,Pro Flex Racing Ski Boots,Ski,2024-03-22,Weekly,9,78.29,1.3,Growing,32,Sales Velocity + Seasonal,7,,,system,2026-03-09 13:48:17
285,3031,Pro Flex Racing Ski Boots,Ski,2024-03-29,Weekly,9,74.84,1.3,Growing,32,Sales Velocity + Seasonal,7,,,system,2026-03-09 13:48:17
286,3031,Pro Flex Racing Ski Boots,Ski,2024-04-07,Monthly,26,76.51,0.8,Declining,32,Sales Velocity + Seasonal,30,,,system,2026-03-09 13:48:17
287,3031,Pro Flex Racing Ski Boots,Ski,2024-05-07,Monthly,20,76.51,0.6,Declining,32,Sales Velocity + Seasonal,30,,,system,2026-03-09 13:48:17
288,3032,Comfort Fit Recreational Boots,Ski,2024-03-08,Monthly,44,86.94,1.3,Growing,33,Sales Velocity + Seasonal,30,,,system,2026-03-09 13:48:17
289,3032,Comfort Fit Recreational Boots,Ski,2024-03-08,Weekly,10,89.93,1.3,Growing,33,Sales Velocity + Seasonal,7,,,system,2026-03-09 13:48:17
290,3032,Comfort Fit Recreational Boots,Ski,2024-03-15,Weekly,10,91.57,1.3,Growing,33,Sales Velocity + Seasonal,7,,,system,2026-03-09 13:48:17
291,3032,Comfort Fit Recreational Boots,Ski,2024-03-22,Weekly,10,85.16,1.3,Growing,33,Sales Velocity + Seasonal,7,,,system,2026-03-09 13:48:17
292,3032,Comfort Fit Recreational Boots,Ski,2024-03-29,Weekly,10,89.64,1.3,Growing,33,Sales Velocity + Seasonal,7,,,system,2026-03-09 13:48:17
293,3032,Comfort Fit Recreational Boots,Ski,2024-04-07,Monthly,27,86.94,0.8,Declining,33,Sales Velocity + Seasonal,30,,,system,2026-03-09 13:48:17
294,3032,Comfort Fit Recreational Boots,Ski,2024-05-07,Monthly,19,86.94,0.6,Declining,33,Sales Velocity + Seasonal,30,,,system,2026-03-09 13:48:17
295,3033,Women's Performance Ski Boots,Ski,2024-03-08,Monthly,35,77.71,1.3,Growing,29,Sales Velocity + Seasonal,30,,,system,2026-03-09 13:48:17
296,3033,Women's Performance Ski Boots,Ski,2024-03-08,Weekly,8,79.66,1.3,Growing,29,Sales Velocity + Seasonal,7,,,system,2026-03-09 13:48:17
297,3033,Women's Performance Ski Boots,Ski,2024-03-15,Weekly,8,80.04,1.3,Growing,29,Sales Velocity + Seasonal,7,,,system,2026-03-09 13:48:17
298,3033,Women's Performance Ski Boots,Ski,2024-03-22,Weekly,8,79.27,1.3,Growing,29,Sales Velocity + Seasonal,7,,,system,2026-03-09 13:48:17
299,3033,Women's Performance Ski Boots,Ski,2024-03-29,Weekly,8,79.03,1.3,Growing,29,Sales Velocity + Seasonal,7,,,system,2026-03-09 13:48:17
300,3033,Women's Performance Ski Boots,Ski,2024-04-07,Monthly,22,77.71,0.8,Declining,29,Sales Velocity + Seasonal,30,,,system,2026-03-09 13:48:17
301,3033,Women's Performance Ski Boots,Ski,2024-05-07,Monthly,16,77.71,0.6,Declining,29,Sales Velocity + Seasonal,30,,,system,2026-03-09 13:48:17
302,3041,Carbon Fiber Racing Poles - 120cm,Ski,2024-03-08,Monthly,14,79.74,1.3,Growing,11,Sales Velocity + Seasonal,30,,,system,2026-03-09 13:48:17
303,3041,Carbon Fiber Racing Poles - 120cm,Ski,2024-03-08,Weekly,3,82.28,1.3,Growing,11,Sales Velocity + Seasonal,7,,,system,2026-03-09 13:48:17
304,3041,Carbon Fiber Racing Poles - 120cm,Ski,2024-03-15,Weekly,3,79.38,1.3,Growing,11,Sales Velocity + Seasonal,7,,,system,2026-03-09 13:48:17
305,3041,Carbon Fiber Racing Poles - 120cm,Ski,2024-03-22,Weekly,3,75.67,1.3,Growing,11,Sales Velocity + Seasonal,7,,,system,2026-03-09 13:48:17
306,3041,Carbon Fiber Racing Poles - 120cm,Ski,2024-03-29,Weekly,3,80.97,1.3,Growing,11,Sales Velocity + Seasonal,7,,,system,2026-03-09 13:48:17
307,3041,Carbon Fiber Racing Poles - 120cm,Ski,2024-04-07,Monthly,8,79.74,0.8,Declining,11,Sales Velocity + Seasonal,30,,,system,2026-03-09 13:48:17
308,3041,Carbon Fiber Racing Poles - 120cm,Ski,2024-05-07,Monthly,6,79.74,0.6,Declining,11,Sales Velocity + Seasonal,30,,,system,2026-03-09 13:48:17
309,3042,Aluminum All-Mountain Poles - 115cm,Ski,2024-03-08,Monthly,16,93.72,1.3,Growing,12,Sales Velocity + Seasonal,30,,,system,2026-03-09 13:48:17
310,3042,Aluminum All-Mountain Poles - 115cm,Ski,2024-03-08,Weekly,3,98.72,1.3,Growing,12,Sales Velocity + Seasonal,7,,,system,2026-03-09 13:48:17
311,3042,Aluminum All-Mountain Poles - 115cm,Ski,2024-03-15,Weekly,3,95.9,1.3,Growing,12,Sales Velocity + Seasonal,7,,,system,2026-03-09 13:48:17
312,3042,Aluminum All-Mountain Poles - 115cm,Ski,2024-03-22,Weekly,3,93.57,1.3,Growing,12,Sales Velocity + Seasonal,7,,,system,2026-03-09 13:48:17
313,3042,Aluminum All-Mountain Poles - 115cm,Ski,2024-03-29,Weekly,3,95.29,1.3,Growing,12,Sales Velocity + Seasonal,7,,,system,2026-03-09 13:48:17
314,3042,Aluminum All-Mountain Poles - 115cm,Ski,2024-04-07,Monthly,9,93.72,0.8,Declining,12,Sales Velocity + Seasonal,30,,,system,2026-03-09 13:48:17
315,3042,Aluminum All-Mountain Poles - 115cm,Ski,2024-05-07,Monthly,7,93.72,0.6,Declining,12,Sales Velocity + Seasonal,30,,,system,2026-03-09 13:48:17
316,3051,Insulated Ski Jacket - Men's,Ski,2024-03-08,Monthly,32,82.04,1.3,Growing,26,Sales Velocity + Seasonal,30,,,system,2026-03-09 13:48:17
317,3051,Insulated Ski Jacket - Men's,Ski,2024-03-08,Weekly,7,77.12,1.3,Growing,26,Sales Velocity + Seasonal,7,,,system,2026-03-09 13:48:17
318,3051,Insulated Ski Jacket - Men's,Ski,2024-03-15,Weekly,7,82.32,1.3,Growing,26,Sales Velocity + Seasonal,7,,,system,2026-03-09 13:48:17
319,3051,Insulated Ski Jacket - Men's,Ski,2024-03-22,Weekly,7,86.37,1.3,Growing,26,Sales Velocity + Seasonal,7,,,system,2026-03-09 13:48:17
320,3051,Insulated Ski Jacket - Men's,Ski,2024-03-29,Weekly,7,84.27,1.3,Growing,26,Sales Velocity + Seasonal,7,,,system,2026-03-09 13:48:17
321,3051,Insulated Ski Jacket - Men's,Ski,2024-04-07,Monthly,19,82.04,0.8,Declining,26,Sales Velocity + Seasonal,30,,,system,2026-03-09 13:48:17
322,3051,Insulated Ski Jacket - Men's,Ski,2024-05-07,Monthly,16,82.04,0.6,Declining,26,Sales Velocity + Seasonal,30,,,system,2026-03-09 13:48:17
323,3052,Thermal Base Layer Set - Women's,Ski,2024-03-08,Monthly,32,78.4,1.3,Growing,24,Sales Velocity + Seasonal,30,,,system,2026-03-09 13:48:17
324,3052,Thermal Base Layer Set - Women's,Ski,2024-03-08,Weekly,7,82.84,1.3,Growing,24,Sales Velocity + Seasonal,7,,,system,2026-03-09 13:48:17
325,3052,Thermal Base Layer Set - Women's,Ski,2024-03-15,Weekly,7,79.78,1.3,Growing,24,Sales Velocity + Seasonal,7,,,system,2026-03-09 13:48:17
326,3052,Thermal Base Layer Set - Women's,Ski,2024-03-22,Weekly,7,77.32,1.3,Growing,24,Sales Velocity + Seasonal,7,,,system,2026-03-09 13:48:17
327,3052,Thermal Base Layer Set - Women's,Ski,2024-03-29,Weekly,7,81.82,1.3,Growing,24,Sales Velocity + Seasonal,7,,,system,2026-03-09 13:48:17
328,3052,Thermal Base Layer Set - Women's,Ski,2024-04-07,Monthly,18,78.4,0.8,Declining,24,Sales Velocity + Seasonal,30,,,system,2026-03-09 13:48:17
329,3052,Thermal Base Layer Set - Women's,Ski,2024-05-07,Monthly,14,78.4,0.6,Declining,24,Sales Velocity + Seasonal,30,,,system,2026-03-09 13:48:17
330,3053,Waterproof Ski Pants,Ski,2024-03-08,Monthly,33,91.0,1.3,Growing,27,Sales Velocity + Seasonal,30,,,system,2026-03-09 13:48:17
331,3053,Waterproof Ski Pants,Ski,2024-03-08,Weekly,7,89.58,1.3,Growing,27,Sales Velocity + Seasonal,7,,,system,2026-03-09 13:48:17
332,3053,Waterproof Ski Pants,Ski,2024-03-15,Weekly,7,90.03,1.3,Growing,27,Sales Velocity + Seasonal,7,,,system,2026-03-09 13:48:17
333,3053,Waterproof Ski Pants,Ski,2024-03-22,Weekly,7,94.27,1.3,Growing,27,Sales Velocity + Seasonal,7,,,system,2026-03-09 13:48:17
334,3053,Waterproof Ski Pants,Ski,2024-03-29,Weekly,7,90.29,1.3,Growing,27,Sales Velocity + Seasonal,7,,,system,2026-03-09 13:48:17
335,3053,Waterproof Ski Pants,Ski,2024-04-07,Monthly,20,91.0,0.8,Declining,27,Sales Velocity + Seasonal,30,,,system,2026-03-09 13:48:17
336,3053,Waterproof Ski Pants,Ski,2024-05-07,Monthly,16,91.0,0.6,Declining,27,Sales Velocity + Seasonal,30,,,system,2026-03-09 13:48:17
337,3061,Professional Ski Helmet,Ski,2024-03-08,Monthly,17,82.97,1.3,Growing,14,Sales Velocity + Seasonal,30,,,system,2026-03-09 13:48:17
338,3061,Professional Ski Helmet,Ski,2024-03-08,Weekly,3,78.64,1.3,Growing,14,Sales Velocity + Seasonal,7,,,system,2026-03-09 13:48:17
339,3061,Professional Ski Helmet,Ski,2024-03-15,Weekly,3,80.88,1.3,Growing,14,Sales Velocity + Seasonal,7,,,system,2026-03-09 13:48:17
340,3061,Professional Ski Helmet,Ski,2024-03-22,Weekly,3,85.23,1.3,Growing,14,Sales Velocity + Seasonal,7,,,system,2026-03-09 13:48:17
341,3061,Professional Ski Helmet,Ski,2024-03-29,Weekly,3,84.07,1.3,Growing,14,Sales Velocity + Seasonal,7,,,system,2026-03-09 13:48:17
342,3061,Professional Ski Helmet,Ski,2024-04-07,Monthly,11,82.97,0.8,Declining,14,Sales Velocity + Seasonal,30,,,system,2026-03-09 13:48:17
343,3061,Professional Ski Helmet,Ski,2024-05-07,Monthly,8,82.97,0.6,Declining,14,Sales Velocity + Seasonal,30,,,system,2026-03-09 13:48:17
344,3062,Anti-Fog Ski Goggles,Ski,2024-03-08,Monthly,18,83.44,1.3,Growing,15,Sales Velocity + Seasonal,30,,,system,2026-03-09 13:48:17
345,3062,Anti-Fog Ski Goggles,Ski,2024-03-08,Weekly,4,82.89,1.3,Growing,15,Sales Velocity + Seasonal,7,,,system,2026-03-09 13:48:17
346,3062,Anti-Fog Ski Goggles,Ski,2024-03-15,Weekly,4,83.29,1.3,Growing,15,Sales Velocity + Seasonal,7,,,system,2026-03-09 13:48:17
347,3062,Anti-Fog Ski Goggles,Ski,2024-03-22,Weekly,4,87.64,1.3,Growing,15,Sales Velocity + Seasonal,7,,,system,2026-03-09 13:48:17
348,3062,Anti-Fog Ski Goggles,Ski,2024-03-29,Weekly,4,82.45,1.3,Growing,15,Sales Velocity + Seasonal,7,,,system,2026-03-09 13:48:17
349,3062,Anti-Fog Ski Goggles,Ski,2024-04-07,Monthly,11,83.44,0.8,Declining,15,Sales Velocity + Seasonal,30,,,system,2026-03-09 13:48:17
350,3062,Anti-Fog Ski Goggles,Ski,2024-05-07,Monthly,8,83.44,0.6,Declining,15,Sales Velocity + Seasonal,30,,,system,2026-03-09 13:48:17
351,3071,Ski Boot Bag - Premium,Ski,2024-03-08,Monthly,14,92.96,1.3,Growing,11,Sales Velocity + Seasonal,30,,,system,2026-03-09 13:48:17
352,3071,Ski Boot Bag - Premium,Ski,2024-03-08,Weekly,3,94.69,1.3,Growing,11,Sales Velocity + Seasonal,7,,,system,2026-03-09 13:48:17
353,3071,Ski Boot Bag - Premium,Ski,2024-03-15,Weekly,3,92.81,1.3,Growing,11,Sales Velocity + Seasonal,7,,,system,2026-03-09 13:48:17
354,3071,Ski Boot Bag - Premium,Ski,2024-03-22,Weekly,3,92.74,1.3,Growing,11,Sales Velocity + Seasonal,7,,,system,2026-03-09 13:48:17
355,3071,Ski Boot Bag - Premium,Ski,2024-03-29,Weekly,3,92.36,1.3,Growing,11,Sales Velocity + Seasonal,7,,,system,2026-03-09 13:48:17
356,3071,Ski Boot Bag - Premium,Ski,2024-04-07,Monthly,8,92.96,0.8,Declining,11,Sales Velocity + Seasonal,30,,,system,2026-03-09 13:48:17
357,3071,Ski Boot Bag - Premium,Ski,2024-05-07,Monthly,6,92.96,0.6,Declining,11,Sales Velocity + Seasonal,30,,,system,2026-03-09 13:48:17
358,3072,Hand Warmers - 10 Pack,Ski,2024-03-08,Monthly,18,82.73,1.3,Growing,15,Sales Velocity + Seasonal,30,,,system,2026-03-09 13:48:17
359,3072,Hand Warmers - 10 Pack,Ski,2024-03-08,Weekly,4,86.76,1.3,Growing,15,Sales Velocity + Seasonal,7,,,system,2026-03-09 13:48:17
360,3072,Hand Warmers - 10 Pack,Ski,2024-03-15,Weekly,4,85.86,1.3,Growing,15,Sales Velocity + Seasonal,7,,,system,2026-03-09 13:48:17
361,3072,Hand Warmers - 10 Pack,Ski,2024-03-22,Weekly,4,79.52,1.3,Growing,15,Sales Velocity + Seasonal,7,,,system,2026-03-09 13:48:17
362,3072,Hand Warmers - 10 Pack,Ski,2024-03-29,Weekly,4,83.19,1.3,Growing,15,Sales Velocity + Seasonal,7,,,system,2026-03-09 13:48:17
363,3072,Hand Warmers - 10 Pack,Ski,2024-04-07,Monthly,12,82.73,0.8,Declining,15,Sales Velocity + Seasonal,30,,,system,2026-03-09 13:48:17
364,3072,Hand Warmers - 10 Pack,Ski,2024-05-07,Monthly,8,82.73,0.6,Declining,15,Sales Velocity + Seasonal,30,,,system,2026-03-09 13:48:17
365,3081,All-Temp Ski Wax Kit,Ski,2024-03-08,Monthly,52,83.92,1.3,Growing,39,Sales Velocity + Seasonal,30,,,system,2026-03-09 13:48:17
366,3081,All-Temp Ski Wax Kit,Ski,2024-03-08,Weekly,12,87.76,1.3,Growing,39,Sales Velocity + Seasonal,7,,,system,2026-03-09 13:48:17
367,3081,All-Temp Ski Wax Kit,Ski,2024-03-15,Weekly,12,80.0,1.3,Growing,39,Sales Velocity + Seasonal,7,,,system,2026-03-09 13:48:17
368,3081,All-Temp Ski Wax Kit,Ski,2024-03-22,Weekly,12,86.11,1.3,Growing,39,Sales Velocity + Seasonal,7,,,system,2026-03-09 13:48:17
369,3081,All-Temp Ski Wax Kit,Ski,2024-03-29,Weekly,12,81.97,1.3,Growing,39,Sales Velocity + Seasonal,7,,,system,2026-03-09 13:48:17
370,3081,All-Temp Ski Wax Kit,Ski,2024-04-07,Monthly,30,83.92,0.8,Declining,39,Sales Velocity + Seasonal,30,,,system,2026-03-09 13:48:17
371,3081,All-Temp Ski Wax Kit,Ski,2024-05-07,Monthly,23,83.92,0.6,Declining,39,Sales Velocity + Seasonal,30,,,system,2026-03-09 13:48:17
372,3082,Edge Tuning Tool Set,Ski,2024-03-08,Monthly,49,82.78,1.3,Growing,37,Sales Velocity + Seasonal,30,,,system,2026-03-09 13:48:17
373,3082,Edge Tuning Tool Set,Ski,2024-03-08,Weekly,11,85.13,1.3,Growing,37,Sales Velocity + Seasonal,7,,,system,2026-03-09 13:48:17
374,3082,Edge Tuning Tool Set,Ski,2024-03-15,Weekly,11,80.49,1.3,Growing,37,Sales Velocity + Seasonal,7,,,system,2026-03-09 13:48:17
375,3082,Edge Tuning Tool Set,Ski,2024-03-22,Weekly,11,81.4,1.3,Growing,37,Sales Velocity + Seasonal,7,,,system,2026-03-09 13:48:17
376,3082,Edge Tuning Tool Set,Ski,2024-03-29,Weekly,11,81.07,1.3,Growing,37,Sales Velocity + Seasonal,7,,,system,2026-03-09 13:48:17
377,3082,Edge Tuning Tool Set,Ski,2024-04-07,Monthly,29,82.78,0.8,Declining,37,Sales Velocity + Seasonal,30,,,system,2026-03-09 13:48:17
378,3082,Edge Tuning Tool Set,Ski,2024-05-07,Monthly,22,82.78,0.6,Declining,37,Sales Velocity + Seasonal,30,,,system,2026-03-09 13:48:17
379,3091,Freestyle Snowboard - 155cm,Ski,2024-03-08,Monthly,25,81.42,1.3,Growing,20,Sales Velocity + Seasonal,30,,,system,2026-03-09 13:48:17
380,3091,Freestyle Snowboard - 155cm,Ski,2024-03-08,Weekly,5,80.84,1.3,Growing,20,Sales Velocity + Seasonal,7,,,system,2026-03-09 13:48:17
381,3091,Freestyle Snowboard - 155cm,Ski,2024-03-15,Weekly,5,77.6,1.3,Growing,20,Sales Velocity + Seasonal,7,,,system,2026-03-09 13:48:17
382,3091,Freestyle Snowboard - 155cm,Ski,2024-03-22,Weekly,5,81.57,1.3,Growing,20,Sales Velocity + Seasonal,7,,,system,2026-03-09 13:48:17
383,3091,Freestyle Snowboard - 155cm,Ski,2024-03-29,Weekly,5,84.67,1.3,Growing,20,Sales Velocity + Seasonal,7,,,system,2026-03-09 13:48:17
384,3091,Freestyle Snowboard - 155cm,Ski,2024-04-07,Monthly,16,81.42,0.8,Declining,20,Sales Velocity + Seasonal,30,,,system,2026-03-09 13:48:17
385,3091,Freestyle Snowboard - 155cm,Ski,2024-05-07,Monthly,12,81.42,0.6,Declining,20,Sales Velocity + Seasonal,30,,,system,2026-03-09 13:48:17
386,3092,All-Mountain Snowboard - 158cm,Ski,2024-03-08,Monthly,27,84.54,1.3,Growing,20,Sales Velocity + Seasonal,30,,,system,2026-03-09 13:48:17
387,3092,All-Mountain Snowboard - 158cm,Ski,2024-03-08,Weekly,6,84.24,1.3,Growing,20,Sales Velocity + Seasonal,7,,,system,2026-03-09 13:48:17
388,3092,All-Mountain Snowboard - 158cm,Ski,2024-03-15,Weekly,6,84.92,1.3,Growing,20,Sales Velocity + Seasonal,7,,,system,2026-03-09 13:48:17
389,3092,All-Mountain Snowboard - 158cm,Ski,2024-03-22,Weekly,6,81.99,1.3,Growing,20,Sales Velocity + Seasonal,7,,,system,2026-03-09 13:48:17
390,3092,All-Mountain Snowboard - 158cm,Ski,2024-03-29,Weekly,6,79.66,1.3,Growing,20,Sales Velocity + Seasonal,7,,,system,2026-03-09 13:48:17
391,3092,All-Mountain Snowboard - 158cm,Ski,2024-04-07,Monthly,16,84.54,0.8,Declining,20,Sales Velocity + Seasonal,30,,,system,2026-03-09 13:48:17
392,3092,All-Mountain Snowboard - 158cm,Ski,2024-05-07,Monthly,11,84.54,0.6,Declining,20,Sales Velocity + Seasonal,30,,,system,2026-03-09 13:48:17
393,3101,Winter Boots - Insulated,Ski,2024-03-08,Monthly,6,84.66,1.3,Growing,5,Sales Velocity + Seasonal,30,,,system,2026-03-09 13:48:17
394,3101,Winter Boots - Insulated,Ski,2024-03-08,Weekly,1,81.75,1.3,Growing,5,Sales Velocity + Seasonal,7,,,system,2026-03-09 13:48:17
395,3101,Winter Boots - Insulated,Ski,2024-03-15,Weekly,1,82.55,1.3,Growing,5,Sales Velocity + Seasonal,7,,,system,2026-03-09 13:48:17
396,3101,Winter Boots - Insulated,Ski,2024-03-22,Weekly,1,81.45,1.3,Growing,5,Sales Velocity + Seasonal,7,,,system,2026-03-09 13:48:17
397,3101,Winter Boots - Insulated,Ski,2024-03-29,Weekly,1,79.7,1.3,Growing,5,Sales Velocity + Seasonal,7,,,system,2026-03-09 13:48:17
398,3101,Winter Boots - Insulated,Ski,2024-04-07,Monthly,3,84.66,0.8,Declining,5,Sales Velocity + Seasonal,30,,,system,2026-03-09 13:48:17
399,3101,Winter Boots - Insulated,Ski,2024-05-07,Monthly,3,84.66,0.6,Declining,5,Sales Velocity + Seasonal,30,,,system,2026-03-09 13:48:17
400,3102,Winter Hiking Boots - Waterproof,Ski,2024-03-08,Monthly,10,79.76,1.3,Growing,8,Sales Velocity + Seasonal,30,,,system,2026-03-09 13:48:17
401,3102,Winter Hiking Boots - Waterproof,Ski,2024-03-08,Weekly,2,78.35,1.3,Growing,8,Sales Velocity + Seasonal,7,,,system,2026-03-09 13:48:17
402,3102,Winter Hiking Boots - Waterproof,Ski,2024-03-15,Weekly,2,78.02,1.3,Growing,8,Sales Velocity + Seasonal,7,,,system,2026-03-09 13:48:17
403,3102,Winter Hiking Boots - Waterproof,Ski,2024-03-22,Weekly,2,76.09,1.3,Growing,8,Sales Velocity + Seasonal,7,,,system,2026-03-09 13:48:17
404,3102,Winter Hiking Boots - Waterproof,Ski,2024-03-29,Weekly,2,78.66,1.3,Growing,8,Sales Velocity + Seasonal,7,,,system,2026-03-09 13:48:17
405,3102,Winter Hiking Boots - Waterproof,Ski,2024-04-07,Monthly,6,79.76,0.8,Declining,8,Sales Velocity + Seasonal,30,,,system,2026-03-09 13:48:17
406,3102,Winter Hiking Boots - Waterproof,Ski,2024-05-07,Monthly,4,79.76,0.6,Declining,8,Sales Velocity + Seasonal,30,,,system,2026-03-09 13:48:17
407,3103,Snowboard Bindings - Pro,Ski,2024-03-08,Monthly,25,82.79,1.3,Growing,19,Sales Velocity + Seasonal,30,,,system,2026-03-09 13:48:17
408,3103,Snowboard Bindings - Pro,Ski,2024-03-08,Weekly,5,87.03,1.3,Growing,19,Sales Velocity + Seasonal,7,,,system,2026-03-09 13:48:17
409,3103,Snowboard Bindings - Pro,Ski,2024-03-15,Weekly,5,87.07,1.3,Growing,19,Sales Velocity + Seasonal,7,,,system,2026-03-09 13:48:17
410,3103,Snowboard Bindings - Pro,Ski,2024-03-22,Weekly,5,85.88,1.3,Growing,19,Sales Velocity + Seasonal,7,,,system,2026-03-09 13:48:17
411,3103,Snowboard Bindings - Pro,Ski,2024-03-29,Weekly,5,81.48,1.3,Growing,19,Sales Velocity + Seasonal,7,,,system,2026-03-09 13:48:17
412,3103,Snowboard Bindings - Pro,Ski,2024-04-07,Monthly,15,82.79,0.8,Declining,19,Sales Velocity + Seasonal,30,,,system,2026-03-09 13:48:17
413,3103,Snowboard Bindings - Pro,Ski,2024-05-07,Monthly,11,82.79,0.6,Declining,19,Sales Velocity + Seasonal,30,,,system,2026-03-09 13:48:17
414,3104,Ski Tuning Bench - Portable,Ski,2024-03-08,Monthly,56,75.97,1.3,Growing,43,Sales Velocity + Seasonal,30,,,system,2026-03-09 13:48:17
415,3104,Ski Tuning Bench - Portable,Ski,2024-03-08,Weekly,13,75.71,1.3,Growing,43,Sales Velocity + Seasonal,7,,,system,2026-03-09 13:48:17
416,3104,Ski Tuning Bench - Portable,Ski,2024-03-15,Weekly,13,71.4,1.3,Growing,43,Sales Velocity + Seasonal,7,,,system,2026-03-09 13:48:17
417,3104,Ski Tuning Bench - Portable,Ski,2024-03-22,Weekly,13,72.6,1.3,Growing,43,Sales Velocity + Seasonal,7,,,system,2026-03-09 13:48:17
418,3104,Ski Tuning Bench - Portable,Ski,2024-03-29,Weekly,13,76.92,1.3,Growing,43,Sales Velocity + Seasonal,7,,,system,2026-03-09 13:48:17
419,3104,Ski Tuning Bench - Portable,Ski,2024-04-07,Monthly,34,75.97,0.8,Declining,43,Sales Velocity + Seasonal,30,,,system,2026-03-09 13:48:17
420,3104,Ski Tuning Bench - Portable,Ski,2024-05-07,Monthly,25,75.97,0.6,Declining,43,Sales Velocity + Seasonal,30,,,system,2026-03-09 13:48:17
