AccountId,AccountNumber,CustomerId,AccountType,AccountStatus,CreatedDate,ClosedDate,Balance,Currency,Description,CreatedBy
9f9532cc-618e-4002-9d4c-66f98b81690f,ACC-Fabric-1000,CID-001,Receivable,Active,2025-06-01,,0.0,USD,Customer receivable account (Fabric),SampleGen
4e8f492f-e5e6-45d2-b4c2-9b6b26e37ca6,ACC-Fabric-1001,CID-002,Receivable,Active,2025-06-01,,0.0,USD,Customer receivable account (Fabric),SampleGen
d9ad7f9d-1d2e-4455-a782-69a7ffc9d6f3,ACC-Fabric-1002,CID-003,Receivable,Active,2025-06-01,,0.0,USD,Customer receivable account (Fabric),SampleGen
51bd20e0-0713-43ee-842a-da4e2bb4a63c,ACC-Fabric-1003,CID-004,Receivable,Active,2025-06-01,,0.0,USD,Customer receivable account (Fabric),SampleGen
1a940b08-6b76-40c2-97ec-849eb15a884d,ACC-Fabric-1004,CID-005,Receivable,Active,2025-06-01,,0.0,USD,Customer receivable account (Fabric),SampleGen
f755ca4e-6257-4c17-af94-ad98929ef69a,ACC-Fabric-1005,CID-006,Receivable,Active,2025-06-01,,0.0,USD,Customer receivable account (Fabric),SampleGen
8d5a7933-bbd1-47f2-a52a-7daf34b4d430,ACC-Fabric-1006,CID-007,Receivable,Active,2025-06-01,,0.0,USD,Customer receivable account (Fabric),SampleGen
db92ed0f-62e7-4556-bc3e-9f0cac38f2e3,ACC-Fabric-1007,CID-008,Receivable,Active,2025-06-01,,0.0,USD,Customer receivable account (Fabric),SampleGen
cd4d55db-0e53-4cd2-839d-f78d5b88f43d,ACC-Fabric-1008,CID-009,Receivable,Active,2025-06-01,,0.0,USD,Customer receivable account (Fabric),SampleGen
e20d2b29-df41-49a5-a83a-406ef4600aa3,ACC-Fabric-1009,CID-010,Receivable,Active,2025-06-01,,0.0,USD,Customer receivable account (Fabric),SampleGen
1d4a9d4e-bc5d-4c68-8e95-9bb4883f8a00,ACC-Fabric-1010,CID-011,Receivable,Active,2025-06-01,,0.0,USD,Customer receivable account (Fabric),SampleGen
126d33d4-9b97-4561-92d7-4fd6355ecb8b,ACC-Fabric-1011,CID-012,Receivable,Active,2025-06-01,,0.0,USD,Customer receivable account (Fabric),SampleGen
ece4dd22-2723-461a-a0ff-8cbdbdf954ca,ACC-Fabric-1012,CID-013,Receivable,Active,2025-06-01,,0.0,USD,Customer receivable account (Fabric),SampleGen
3d988832-9299-4d9b-a6f0-237493688c0a,ACC-Fabric-1013,CID-014,Receivable,Active,2025-06-01,,0.0,USD,Customer receivable account (Fabric),SampleGen
07311a73-9e6b-40a3-84d3-86b6c6eb6fb5,ACC-Fabric-1014,CID-015,Receivable,Active,2025-06-01,,0.0,USD,Customer receivable account (Fabric),SampleGen
926be872-239f-4713-baad-9a43fcdf8c5c,ACC-Fabric-1015,CID-016,Receivable,Active,2025-06-01,,0.0,USD,Customer receivable account (Fabric),SampleGen
706607ba-4daf-4ccd-9387-9f5ec4a0be0d,ACC-Fabric-1016,CID-017,Receivable,Active,2025-06-01,,0.0,USD,Customer receivable account (Fabric),SampleGen
8b47f6a8-22d6-4505-8b01-ccc54d5ac17d,ACC-Fabric-1017,CID-018,Receivable,Active,2025-06-01,,0.0,USD,Customer receivable account (Fabric),SampleGen
14ea9493-94cf-427d-a22f-3a65e58c6915,ACC-Fabric-1018,CID-019,Receivable,Active,2025-06-01,,0.0,USD,Customer receivable account (Fabric),SampleGen
bf90bce6-9983-4ebf-8f00-b1d83a2275a8,ACC-Fabric-1019,CID-020,Receivable,Active,2025-06-01,,0.0,USD,Customer receivable account (Fabric),SampleGen
aac1d4da-35d9-4b19-b437-52a4e51037c8,ACC-Fabric-1020,CID-021,Receivable,Active,2025-06-01,,0.0,USD,Customer receivable account (Fabric),SampleGen
4f8cc5f2-8e1b-407b-baa5-ebd8da7557e5,ACC-Fabric-1021,CID-022,Receivable,Active,2025-06-01,,0.0,USD,Customer receivable account (Fabric),SampleGen
ea0abc58-2c4c-46ca-a75a-00f7369e92f9,ACC-Fabric-1022,CID-023,Receivable,Active,2025-06-01,,0.0,USD,Customer receivable account (Fabric),SampleGen
4d226251-ed66-4293-a4b8-450ecdb4af72,ACC-Fabric-1023,CID-024,Receivable,Active,2025-06-01,,0.0,USD,Customer receivable account (Fabric),SampleGen
f2c4255b-c139-4a67-95ff-4b5917c2da68,ACC-Fabric-1024,CID-025,Receivable,Active,2025-06-01,,0.0,USD,Customer receivable account (Fabric),SampleGen
4aa530b0-ce3b-457b-86ed-4f908ffe9093,ACC-Fabric-1025,CID-026,Receivable,Active,2025-06-01,,0.0,USD,Customer receivable account (Fabric),SampleGen
c6234a48-25b4-4bf0-822c-638083bd9296,ACC-Fabric-1026,CID-027,Receivable,Active,2025-06-01,,0.0,USD,Customer receivable account (Fabric),SampleGen
fdd73e0c-7393-4b82-9f68-b0daee833a7a,ACC-Fabric-1027,CID-028,Receivable,Active,2025-06-01,,0.0,USD,Customer receivable account (Fabric),SampleGen
6eed9b75-e04e-476b-9e20-f8fe77ff8871,ACC-Fabric-1028,CID-029,Receivable,Active,2025-06-01,,0.0,USD,Customer receivable account (Fabric),SampleGen
4d9f77cc-75cf-4361-bfdf-952139a78501,ACC-Fabric-1029,CID-030,Receivable,Active,2025-06-01,,0.0,USD,Customer receivable account (Fabric),SampleGen
61738242-297a-42bd-8c5d-5747f7ab9b12,ACC-Fabric-1030,CID-031,Receivable,Active,2025-06-01,,0.0,USD,Customer receivable account (Fabric),SampleGen
9b8068a7-16be-48c3-bb70-64dd0639d867,ACC-Fabric-1031,CID-032,Receivable,Active,2025-06-01,,0.0,USD,Customer receivable account (Fabric),SampleGen
c6e27db7-5b5e-4901-8775-cf06368bded0,ACC-Fabric-1032,CID-033,Receivable,Active,2025-06-01,,0.0,USD,Customer receivable account (Fabric),SampleGen
c02c3da1-956e-40e2-95ed-24dcf61ef0c8,ACC-Fabric-1033,CID-034,Receivable,Active,2025-06-01,,0.0,USD,Customer receivable account (Fabric),SampleGen
62f61742-c619-4259-987e-e24588f45fbd,ACC-Fabric-1034,CID-035,Receivable,Active,2025-06-01,,0.0,USD,Customer receivable account (Fabric),SampleGen
b0e44852-f73d-4d8b-829d-c2ab37b51a57,ACC-Fabric-1035,CID-036,Receivable,Active,2025-06-01,,0.0,USD,Customer receivable account (Fabric),SampleGen
b643fbc9-70ea-4e79-b6ff-2b6718ce2b11,ACC-Fabric-1036,CID-037,Receivable,Active,2025-06-01,,0.0,USD,Customer receivable account (Fabric),SampleGen
8abc0049-35b7-4d1d-b4c5-5f175e079d2d,ACC-Fabric-1037,CID-038,Receivable,Active,2025-06-01,,0.0,USD,Customer receivable account (Fabric),SampleGen
fceaa5c0-67b4-4d9b-be28-88cd9cec9cd9,ACC-Fabric-1038,CID-039,Receivable,Active,2025-06-01,,0.0,USD,Customer receivable account (Fabric),SampleGen
1d744577-3693-45b4-bbc9-64c8e898f61f,ACC-Fabric-1039,CID-040,Receivable,Active,2025-06-01,,0.0,USD,Customer receivable account (Fabric),SampleGen
f3fdd2c4-aa83-4e67-a149-e26a13fa5281,ACC-Fabric-1040,CID-041,Receivable,Active,2025-06-01,,0.0,USD,Customer receivable account (Fabric),SampleGen
07d6ff26-8137-4770-b0e8-c612c2b1a73e,ACC-Fabric-1041,CID-042,Receivable,Active,2025-06-01,,0.0,USD,Customer receivable account (Fabric),SampleGen
97a952a4-b677-4ef6-a8a0-fee3317916c6,ACC-Fabric-1042,CID-043,Receivable,Active,2025-06-01,,0.0,USD,Customer receivable account (Fabric),SampleGen
8d13192b-ba86-4546-8b09-0ccbd181a1ae,ACC-Fabric-1043,CID-044,Receivable,Active,2025-06-01,,0.0,USD,Customer receivable account (Fabric),SampleGen
29054614-fe35-43eb-bccd-958b0fb3e864,ACC-Fabric-1044,CID-045,Receivable,Active,2025-06-01,,0.0,USD,Customer receivable account (Fabric),SampleGen
e250468c-5b52-4846-b4bc-67216a690c04,ACC-Fabric-1045,CID-046,Receivable,Active,2025-06-01,,0.0,USD,Customer receivable account (Fabric),SampleGen
df77f83c-f2a8-4332-9102-68db44f41b39,ACC-Fabric-1046,CID-047,Receivable,Active,2025-06-01,,0.0,USD,Customer receivable account (Fabric),SampleGen
8e6db2d7-4da8-4da9-92c0-51acfcdd46e1,ACC-Fabric-1047,CID-048,Receivable,Active,2025-06-01,,0.0,USD,Customer receivable account (Fabric),SampleGen
844c96aa-7c10-42a2-be4c-0b8ee85f6004,ACC-Fabric-1048,CID-049,Receivable,Active,2025-06-01,,0.0,USD,Customer receivable account (Fabric),SampleGen
1258100b-dccd-4047-9678-352943747a66,ACC-Fabric-1049,CID-050,Receivable,Active,2025-06-01,,0.0,USD,Customer receivable account (Fabric),SampleGen
2a93a808-78ae-4e75-b91b-962eb91e5f77,ACC-Fabric-1050,CID-051,Receivable,Active,2025-06-01,,0.0,USD,Customer receivable account (Fabric),SampleGen
72f4e60b-fd92-4599-bcd6-14f5411c5c4c,ACC-Fabric-1051,CID-052,Receivable,Active,2025-06-01,,0.0,USD,Customer receivable account (Fabric),SampleGen
0f601b8b-1ca6-4109-80a2-f5c0a91c3c25,ACC-Fabric-1052,CID-053,Receivable,Active,2025-06-01,,0.0,USD,Customer receivable account (Fabric),SampleGen
09b06e43-8875-4fea-9c91-42ff26b8e234,ACC-Fabric-1053,CID-054,Receivable,Active,2025-06-01,,0.0,USD,Customer receivable account (Fabric),SampleGen
0ec2a9e0-ff47-443f-809d-bafac9ed9282,ACC-Fabric-1054,CID-055,Receivable,Active,2025-06-01,,0.0,USD,Customer receivable account (Fabric),SampleGen
57c7f328-328f-459e-bad7-8161dac2f374,ACC-Fabric-1055,CID-056,Receivable,Active,2025-06-01,,0.0,USD,Customer receivable account (Fabric),SampleGen
21a2f66f-8716-42f2-bd13-520e53e1a866,ACC-Fabric-1056,CID-057,Receivable,Active,2025-06-01,,0.0,USD,Customer receivable account (Fabric),SampleGen
ada75beb-eb7f-4785-92f1-f54f082a6507,ACC-Fabric-1057,CID-058,Receivable,Active,2025-06-01,,0.0,USD,Customer receivable account (Fabric),SampleGen
01d7cfc1-dcc0-4a80-8869-af8ec446615c,ACC-Fabric-1058,CID-059,Receivable,Active,2025-06-01,,0.0,USD,Customer receivable account (Fabric),SampleGen
6b77b901-1ab9-417e-be0b-5708d1ece626,ACC-Fabric-1059,CID-060,Receivable,Active,2025-06-01,,0.0,USD,Customer receivable account (Fabric),SampleGen
8efb7091-3647-488f-8852-05ebeaae69c4,ACC-Fabric-1060,CID-061,Receivable,Active,2025-06-01,,0.0,USD,Customer receivable account (Fabric),SampleGen
3a6b7d5b-9dec-4395-9bb6-9178a03ed831,ACC-Fabric-1061,CID-062,Receivable,Active,2025-06-01,,0.0,USD,Customer receivable account (Fabric),SampleGen
7eb362f1-477f-4e40-8804-c52a4a7b183a,ACC-Fabric-1062,CID-063,Receivable,Active,2025-06-01,,0.0,USD,Customer receivable account (Fabric),SampleGen
c5397e6f-ef19-4e31-8aa0-947489dd4fe1,ACC-Fabric-1063,CID-064,Receivable,Active,2025-06-01,,0.0,USD,Customer receivable account (Fabric),SampleGen
55f8330e-912d-48c2-b0ca-d6b22836ffce,ACC-Fabric-1064,CID-065,Receivable,Active,2025-06-01,,0.0,USD,Customer receivable account (Fabric),SampleGen
12b6ff21-ad33-459f-a1ec-c2d20915dd5c,ACC-Fabric-1065,CID-066,Receivable,Active,2025-06-01,,0.0,USD,Customer receivable account (Fabric),SampleGen
639c7b63-922c-48f0-b46e-ce88d4f36639,ACC-Fabric-1066,CID-067,Receivable,Active,2025-06-01,,0.0,USD,Customer receivable account (Fabric),SampleGen
df17637a-ba2b-44f8-aa0c-f124a8758479,ACC-Fabric-1067,CID-068,Receivable,Active,2025-06-01,,0.0,USD,Customer receivable account (Fabric),SampleGen
4f9ae626-bc81-470c-a4d7-2361949beca6,ACC-Fabric-1068,CID-069,Receivable,Active,2025-06-01,,0.0,USD,Customer receivable account (Fabric),SampleGen
b12905f8-07d7-4d36-a76b-eea38ec2b550,ACC-Fabric-1069,CID-070,Receivable,Active,2025-06-01,,0.0,USD,Customer receivable account (Fabric),SampleGen
70268671-b4a3-412f-8c50-ff9935587754,ACC-Fabric-1070,CID-071,Receivable,Active,2025-06-01,,0.0,USD,Customer receivable account (Fabric),SampleGen
37441180-d3b7-4157-85f9-f7946cf22925,ACC-Fabric-1071,CID-072,Receivable,Active,2025-06-01,,0.0,USD,Customer receivable account (Fabric),SampleGen
21c9ab2a-3fe0-4f82-9764-efcde364f041,ACC-Fabric-1072,CID-073,Receivable,Active,2025-06-01,,0.0,USD,Customer receivable account (Fabric),SampleGen
e37af4b8-9178-4aea-9db2-152ad16d1e0c,ACC-Fabric-1073,CID-074,Receivable,Active,2025-06-01,,0.0,USD,Customer receivable account (Fabric),SampleGen
554f01bc-4190-4b4a-8462-b2003cce13b3,ACC-Fabric-1074,CID-075,Receivable,Active,2025-06-01,,0.0,USD,Customer receivable account (Fabric),SampleGen
6527f635-b035-4a1a-ae6a-c16e2c40aaf5,ACC-Fabric-1075,CID-076,Receivable,Active,2025-06-01,,0.0,USD,Customer receivable account (Fabric),SampleGen
c54692c2-9f96-480a-99f7-c0bac4709735,ACC-Fabric-1076,CID-077,Receivable,Active,2025-06-01,,0.0,USD,Customer receivable account (Fabric),SampleGen
8f970f96-bc08-4199-8c62-9860574a6731,ACC-Fabric-1077,CID-078,Receivable,Active,2025-06-01,,0.0,USD,Customer receivable account (Fabric),SampleGen
99c36c07-f60c-406b-ac25-367ec83afd36,ACC-Fabric-1078,CID-079,Receivable,Active,2025-06-01,,0.0,USD,Customer receivable account (Fabric),SampleGen
5ba9ffd2-aa66-47e5-b6c8-983b40a5a230,ACC-Fabric-1079,CID-080,Receivable,Active,2025-06-01,,0.0,USD,Customer receivable account (Fabric),SampleGen
ed1d891d-5d34-40c0-9bae-f2d01b709d8e,ACC-Fabric-1080,CID-081,Receivable,Active,2025-06-01,,0.0,USD,Customer receivable account (Fabric),SampleGen
4338d6b5-ffe8-4d32-98f1-60e632fb98d0,ACC-Fabric-1081,CID-082,Receivable,Active,2025-06-01,,0.0,USD,Customer receivable account (Fabric),SampleGen
b3a4af1b-9cc4-4e91-beca-91077eae4a7d,ACC-Fabric-1082,CID-083,Receivable,Active,2025-06-01,,0.0,USD,Customer receivable account (Fabric),SampleGen
bcd2fc6e-4d6d-4ffe-b966-0669eb0aab70,ACC-Fabric-1083,CID-084,Receivable,Active,2025-06-01,,0.0,USD,Customer receivable account (Fabric),SampleGen
99055a93-e4d4-4ad2-82c4-73038d40ea5a,ACC-Fabric-1084,CID-085,Receivable,Active,2025-06-01,,0.0,USD,Customer receivable account (Fabric),SampleGen
2f76a284-3a9d-4ed2-b128-5c9317832645,ACC-Fabric-1085,CID-086,Receivable,Active,2025-06-01,,0.0,USD,Customer receivable account (Fabric),SampleGen
046cf4cd-590c-46e5-b958-afed625813d6,ACC-Fabric-1086,CID-087,Receivable,Active,2025-06-01,,0.0,USD,Customer receivable account (Fabric),SampleGen
06bc4b37-bb09-440b-96f2-a3e9c792271b,ACC-Fabric-1087,CID-088,Receivable,Active,2025-06-01,,0.0,USD,Customer receivable account (Fabric),SampleGen
562000f9-350d-4748-aae8-3376c9707b50,ACC-Fabric-1088,CID-089,Receivable,Active,2025-06-01,,0.0,USD,Customer receivable account (Fabric),SampleGen
3b4e3138-e92c-496f-b6b9-35645b3214da,ACC-Fabric-1089,CID-090,Receivable,Active,2025-06-01,,0.0,USD,Customer receivable account (Fabric),SampleGen
8ddfafe3-8cc3-4053-b526-5a4d53fbdc13,ACC-Fabric-1090,CID-091,Receivable,Active,2025-06-01,,0.0,USD,Customer receivable account (Fabric),SampleGen
7d4d6d75-5acf-4bba-8d1f-2fd8b61200ad,ACC-Fabric-1091,CID-092,Receivable,Active,2025-06-01,,0.0,USD,Customer receivable account (Fabric),SampleGen
03b2b094-af37-481f-b99d-19dc1d7de895,ACC-Fabric-1092,CID-093,Receivable,Active,2025-06-01,,0.0,USD,Customer receivable account (Fabric),SampleGen
2227b2c7-85fd-4312-b5b9-2d19f441143d,ACC-Fabric-1093,CID-094,Receivable,Active,2025-06-01,,0.0,USD,Customer receivable account (Fabric),SampleGen
8f24eaf3-6ba2-43d4-8452-df8cae1d6d8a,ACC-Fabric-1094,CID-095,Receivable,Active,2025-06-01,,0.0,USD,Customer receivable account (Fabric),SampleGen
475df555-ef50-4292-993d-40800c6b2bc9,ACC-Fabric-1095,CID-096,Receivable,Active,2025-06-01,,0.0,USD,Customer receivable account (Fabric),SampleGen
69881c7b-d390-45a7-b64e-7f9fb1df82ab,ACC-Fabric-1096,CID-097,Receivable,Active,2025-06-01,,0.0,USD,Customer receivable account (Fabric),SampleGen
6477ced0-dcdd-49d6-8098-c212540c669b,ACC-Fabric-1097,CID-098,Receivable,Active,2025-06-01,,0.0,USD,Customer receivable account (Fabric),SampleGen
e7410d12-7721-4c26-9757-a055596fc9ac,ACC-Fabric-1098,CID-099,Receivable,Active,2025-06-01,,0.0,USD,Customer receivable account (Fabric),SampleGen
f43a50e8-c499-47fa-98d3-3fd5fb99eaab,ACC-Fabric-1099,CID-100,Receivable,Active,2025-06-01,,0.0,USD,Customer receivable account (Fabric),SampleGen
726f6ac3-a689-4c33-ab81-103953fb336e,ACC-Fabric-1100,CID-101,Receivable,Active,2025-06-01,,0.0,USD,Customer receivable account (Fabric),SampleGen
1ab59096-70db-43a6-bd3d-7174535a4608,ACC-Fabric-1101,CID-102,Receivable,Active,2025-06-01,,0.0,USD,Customer receivable account (Fabric),SampleGen
abe1fade-1352-401d-b299-0e239e1eeb90,ACC-Fabric-1102,CID-103,Receivable,Active,2025-06-01,,0.0,USD,Customer receivable account (Fabric),SampleGen
6b9b910d-353a-405a-9eb0-ee7de8c43108,ACC-Fabric-1103,CID-104,Receivable,Active,2025-06-01,,0.0,USD,Customer receivable account (Fabric),SampleGen
f57989a9-87b6-4c59-b39c-6c19d1c7fa68,ACC-Fabric-1104,CID-105,Receivable,Active,2025-06-01,,0.0,USD,Customer receivable account (Fabric),SampleGen
76a3ee9f-598b-4824-870f-e6e03c372369,ACC-Fabric-1105,CID-106,Receivable,Active,2025-06-01,,0.0,USD,Customer receivable account (Fabric),SampleGen
7435736c-324e-4cba-a5f7-59724913e4ba,ACC-Fabric-1106,CID-107,Receivable,Active,2025-06-01,,0.0,USD,Customer receivable account (Fabric),SampleGen
82509f74-f3dd-4fac-b942-3b73e13c8040,ACC-Fabric-1107,CID-108,Receivable,Active,2025-06-01,,0.0,USD,Customer receivable account (Fabric),SampleGen
99c34e81-7614-4e0a-9f47-2306da5dd008,ACC-Fabric-1108,CID-109,Receivable,Active,2025-06-01,,0.0,USD,Customer receivable account (Fabric),SampleGen
6ee9c668-0156-49d2-b1a3-dd8533aba57d,ACC-Fabric-1109,CID-110,Receivable,Active,2025-06-01,,0.0,USD,Customer receivable account (Fabric),SampleGen
cbd65211-0da0-432e-81f3-0be3a9d320f1,ACC-Fabric-1110,CID-111,Receivable,Active,2025-06-01,,0.0,USD,Customer receivable account (Fabric),SampleGen
530e8dbc-6207-463e-910c-3eb988f4955e,ACC-Fabric-1111,CID-112,Receivable,Active,2025-06-01,,0.0,USD,Customer receivable account (Fabric),SampleGen
92a6a49a-900d-41d1-8ba0-68303b18f8e0,ACC-Fabric-1112,CID-113,Receivable,Active,2025-06-01,,0.0,USD,Customer receivable account (Fabric),SampleGen
db1ab728-a8e3-4fed-ba94-0e9779e7b166,ACC-Fabric-1113,CID-114,Receivable,Active,2025-06-01,,0.0,USD,Customer receivable account (Fabric),SampleGen
c3a1a792-7867-41b4-b904-ee46ea0c93e0,ACC-Fabric-1114,CID-115,Receivable,Active,2025-06-01,,0.0,USD,Customer receivable account (Fabric),SampleGen
97a75f5a-87fd-4e19-983d-74e724c7602b,ACC-Fabric-1115,CID-116,Receivable,Active,2025-06-01,,0.0,USD,Customer receivable account (Fabric),SampleGen
bdc17e90-cc1c-4620-82f8-43bd4c482adf,ACC-Fabric-1116,CID-117,Receivable,Active,2025-06-01,,0.0,USD,Customer receivable account (Fabric),SampleGen
233ccb8d-2880-48ec-b27f-40eb09d6b48a,ACC-Fabric-1117,CID-118,Receivable,Active,2025-06-01,,0.0,USD,Customer receivable account (Fabric),SampleGen
c6bd9463-7504-4dbe-bdc5-5462484c677c,ACC-Fabric-1118,CID-119,Receivable,Active,2025-06-01,,0.0,USD,Customer receivable account (Fabric),SampleGen
d7256cd6-f3fa-496a-b89d-dd601e6fb017,ACC-Fabric-1119,CID-120,Receivable,Active,2025-06-01,,0.0,USD,Customer receivable account (Fabric),SampleGen
78acd09a-f045-4cd6-908f-3576e16a7f54,ACC-Fabric-1120,CID-121,Receivable,Active,2025-06-01,,0.0,USD,Customer receivable account (Fabric),SampleGen
eef0cd34-96a1-4446-b264-950cc1000819,ACC-Fabric-1121,CID-122,Receivable,Active,2025-06-01,,0.0,USD,Customer receivable account (Fabric),SampleGen
155551a0-7c4f-4abf-803d-8fd0689550cf,ACC-Fabric-1122,CID-123,Receivable,Active,2025-06-01,,0.0,USD,Customer receivable account (Fabric),SampleGen
01d0343c-7b65-4b14-b72c-b4e2145a961b,ACC-Fabric-1123,CID-124,Receivable,Active,2025-06-01,,0.0,USD,Customer receivable account (Fabric),SampleGen
96118a8d-3769-4ddd-ae7b-1ebbc6b6c7ae,ACC-Fabric-1124,CID-125,Receivable,Active,2025-06-01,,0.0,USD,Customer receivable account (Fabric),SampleGen
355fd8d8-250a-41ab-92ec-105f4150404c,ACC-Fabric-1125,CID-126,Receivable,Active,2025-06-01,,0.0,USD,Customer receivable account (Fabric),SampleGen
a23fe0c1-eeb3-43b6-bcd2-8bb000f04df0,ACC-Fabric-1126,CID-127,Receivable,Active,2025-06-01,,0.0,USD,Customer receivable account (Fabric),SampleGen
fc5df44e-c938-402c-b83e-6cf9f59a121d,ACC-Fabric-1127,CID-128,Receivable,Active,2025-06-01,,0.0,USD,Customer receivable account (Fabric),SampleGen
9a6779ea-3629-4cf0-92e1-8a2e9714af2e,ACC-Fabric-1128,CID-129,Receivable,Active,2025-06-01,,0.0,USD,Customer receivable account (Fabric),SampleGen
8f950815-0d34-4bd9-842f-86aa18e2669a,ACC-Fabric-1129,CID-130,Receivable,Active,2025-06-01,,0.0,USD,Customer receivable account (Fabric),SampleGen
6ced3484-c2ed-4c21-8046-402fe9e62df3,ACC-Fabric-1130,CID-131,Receivable,Active,2025-06-01,,0.0,USD,Customer receivable account (Fabric),SampleGen
3cf58ccd-2809-474e-ba73-9258699fe9a6,ACC-Fabric-1131,CID-132,Receivable,Active,2025-06-01,,0.0,USD,Customer receivable account (Fabric),SampleGen
39fe4d5f-14fe-440c-b8e9-0f60bb4c50de,ACC-Fabric-1132,CID-133,Receivable,Active,2025-06-01,,0.0,USD,Customer receivable account (Fabric),SampleGen
70fda6d7-5ab1-4fcf-841a-6ac22964d82e,ACC-Fabric-1133,CID-134,Receivable,Active,2025-06-01,,0.0,USD,Customer receivable account (Fabric),SampleGen
b4404af9-180e-4bd0-8449-be37e15ba3d8,ACC-Fabric-1134,CID-135,Receivable,Active,2025-06-01,,0.0,USD,Customer receivable account (Fabric),SampleGen
c7e0aee2-df56-4c3d-b86f-0a6a2af92415,ACC-Fabric-1135,CID-136,Receivable,Active,2025-06-01,,0.0,USD,Customer receivable account (Fabric),SampleGen
504ed545-4b8e-446d-9ed9-961efeb40472,ACC-Fabric-1136,CID-137,Receivable,Active,2025-06-01,,0.0,USD,Customer receivable account (Fabric),SampleGen
c0bb5af3-97e7-4ff0-8829-2b5b2db0d68d,ACC-Fabric-1137,CID-138,Receivable,Active,2025-06-01,,0.0,USD,Customer receivable account (Fabric),SampleGen
20c69103-f900-4bed-b29a-da4be5a707c1,ACC-Fabric-1138,CID-139,Receivable,Active,2025-06-01,,0.0,USD,Customer receivable account (Fabric),SampleGen
1640a8e9-2669-4b72-a69c-b13c007b9dcf,ACC-Fabric-1139,CID-140,Receivable,Active,2025-06-01,,0.0,USD,Customer receivable account (Fabric),SampleGen
699dfa56-9b35-4451-8579-6ac82a978e20,ACC-Fabric-1140,CID-141,Receivable,Active,2025-06-01,,0.0,USD,Customer receivable account (Fabric),SampleGen
598413e3-91de-4522-bc23-3ee62808610e,ACC-Fabric-1141,CID-142,Receivable,Active,2025-06-01,,0.0,USD,Customer receivable account (Fabric),SampleGen
00b0b7f5-6edd-403d-a19f-15743299257c,ACC-Fabric-1142,CID-143,Receivable,Active,2025-06-01,,0.0,USD,Customer receivable account (Fabric),SampleGen
69767c73-657d-44e7-bc54-2fe953388434,ACC-Fabric-1143,CID-144,Receivable,Active,2025-06-01,,0.0,USD,Customer receivable account (Fabric),SampleGen
24df0f64-4a39-44f5-b372-648ca1372627,ACC-Fabric-1144,CID-145,Receivable,Active,2025-06-01,,0.0,USD,Customer receivable account (Fabric),SampleGen
1a5b03d9-4a1d-4f0d-9a97-047af7799698,ACC-Fabric-1145,CID-146,Receivable,Active,2025-06-01,,0.0,USD,Customer receivable account (Fabric),SampleGen
15574538-dd6c-4c29-b3f0-ab9b929a7d8a,ACC-Fabric-1146,CID-147,Receivable,Active,2025-06-01,,0.0,USD,Customer receivable account (Fabric),SampleGen
a964f873-128d-41f5-acfe-0148aefeb261,ACC-Fabric-1147,CID-148,Receivable,Active,2025-06-01,,0.0,USD,Customer receivable account (Fabric),SampleGen
bd63a26c-b3d2-4ad1-986d-61614103a2f3,ACC-Fabric-1148,CID-149,Receivable,Active,2025-06-01,,0.0,USD,Customer receivable account (Fabric),SampleGen
b6f438be-7d4f-4de9-9c2c-1616ab1b1ff5,ACC-Fabric-1149,CID-150,Receivable,Active,2025-06-01,,0.0,USD,Customer receivable account (Fabric),SampleGen
0e623540-1054-4dc9-8bee-e8f1a0ae4547,ACC-Fabric-1150,CID-151,Receivable,Active,2025-06-01,,0.0,USD,Customer receivable account (Fabric),SampleGen
85fa42b9-fcf4-4c64-aa4e-71fdd9922911,ACC-Fabric-1151,CID-152,Receivable,Active,2025-06-01,,0.0,USD,Customer receivable account (Fabric),SampleGen
74939557-8842-4714-ac77-f626937c5a7d,ACC-Fabric-1152,CID-153,Receivable,Active,2025-06-01,,0.0,USD,Customer receivable account (Fabric),SampleGen
52078afe-df2e-484e-9783-9c07dee0e31e,ACC-Fabric-1153,CID-154,Receivable,Active,2025-06-01,,0.0,USD,Customer receivable account (Fabric),SampleGen
b85ac15d-b389-4c7b-91b2-72d021d90d6f,ACC-Fabric-1154,CID-155,Receivable,Active,2025-06-01,,0.0,USD,Customer receivable account (Fabric),SampleGen
80bd84b9-7d83-4060-95dd-98ef7cc328f8,ACC-Fabric-1155,CID-156,Receivable,Active,2025-06-01,,0.0,USD,Customer receivable account (Fabric),SampleGen
fb7fbe23-2761-4489-aea0-33b645a14899,ACC-Fabric-1156,CID-157,Receivable,Active,2025-06-01,,0.0,USD,Customer receivable account (Fabric),SampleGen
bfeb12e5-f1ff-4a0f-896d-a1a48e2824f4,ACC-Fabric-1157,CID-158,Receivable,Active,2025-06-01,,0.0,USD,Customer receivable account (Fabric),SampleGen
c5ede478-cd5f-47fa-8fb4-5b5b63b68cc0,ACC-Fabric-1158,CID-159,Receivable,Active,2025-06-01,,0.0,USD,Customer receivable account (Fabric),SampleGen
898bae5d-5363-442e-9389-31a18651114b,ACC-Fabric-1159,CID-160,Receivable,Active,2025-06-01,,0.0,USD,Customer receivable account (Fabric),SampleGen
49c1226d-ac0a-4a04-a351-d6f0716bb715,ACC-Fabric-1160,CID-161,Receivable,Active,2025-06-01,,0.0,USD,Customer receivable account (Fabric),SampleGen
ce86c082-5446-4551-b2ad-649a20efab6e,ACC-Fabric-1161,CID-162,Receivable,Active,2025-06-01,,0.0,USD,Customer receivable account (Fabric),SampleGen
82e63eec-6ad2-43f5-b85a-f7ced26fbfc7,ACC-Fabric-1162,CID-163,Receivable,Active,2025-06-01,,0.0,USD,Customer receivable account (Fabric),SampleGen
2b95a551-4d48-456b-8015-68821dd4fdce,ACC-Fabric-1163,CID-164,Receivable,Active,2025-06-01,,0.0,USD,Customer receivable account (Fabric),SampleGen
58aba515-bb82-43b3-ae5d-6ce9f0fb1157,ACC-Fabric-1164,CID-165,Receivable,Active,2025-06-01,,0.0,USD,Customer receivable account (Fabric),SampleGen
a280d1a4-1de5-4158-b6f2-d9ae9226a4a0,ACC-Fabric-1165,CID-166,Receivable,Active,2025-06-01,,0.0,USD,Customer receivable account (Fabric),SampleGen
cd0e267f-f64e-4c4a-9bca-218b050bbb41,ACC-Fabric-1166,CID-167,Receivable,Active,2025-06-01,,0.0,USD,Customer receivable account (Fabric),SampleGen
480a0457-5cbf-4dae-8211-66e7617c71ff,ACC-Fabric-1167,CID-168,Receivable,Active,2025-06-01,,0.0,USD,Customer receivable account (Fabric),SampleGen
d3a0ad93-bebd-4904-8d70-f7ef13a41532,ACC-Fabric-1168,CID-169,Receivable,Active,2025-06-01,,0.0,USD,Customer receivable account (Fabric),SampleGen
8d68af7e-87b8-4011-9827-60ec2cc056fd,ACC-Fabric-1169,CID-170,Receivable,Active,2025-06-01,,0.0,USD,Customer receivable account (Fabric),SampleGen
ec41d92f-f8a3-474c-8a05-b1a3c3f1d588,ACC-Fabric-1170,CID-171,Receivable,Active,2025-06-01,,0.0,USD,Customer receivable account (Fabric),SampleGen
fb27e4ed-1fdc-4448-8e6b-543f2159e4ee,ACC-Fabric-1171,CID-172,Receivable,Active,2025-06-01,,0.0,USD,Customer receivable account (Fabric),SampleGen
6d1e4347-0ad9-4c40-94f4-d4feaa4df4a5,ACC-Fabric-1172,CID-173,Receivable,Active,2025-06-01,,0.0,USD,Customer receivable account (Fabric),SampleGen
35965b3f-39e5-4d9f-a44d-32e9fb43ef6b,ACC-Fabric-1173,CID-174,Receivable,Active,2025-06-01,,0.0,USD,Customer receivable account (Fabric),SampleGen
7810286a-65dc-486e-b44e-a44fd89bb4d2,ACC-Fabric-1174,CID-175,Receivable,Active,2025-06-01,,0.0,USD,Customer receivable account (Fabric),SampleGen
f316a1fa-4723-46b7-95be-796bca901f31,ACC-Fabric-1175,CID-176,Receivable,Active,2025-06-01,,0.0,USD,Customer receivable account (Fabric),SampleGen
7e7c8f74-1307-4ba4-a154-83ad8801267a,ACC-Fabric-1176,CID-177,Receivable,Active,2025-06-01,,0.0,USD,Customer receivable account (Fabric),SampleGen
0772245d-e475-4a11-bf94-8007d383a736,ACC-Fabric-1177,CID-178,Receivable,Active,2025-06-01,,0.0,USD,Customer receivable account (Fabric),SampleGen
b62d2318-f3d4-4ea8-b4aa-70bcccc12ded,ACC-Fabric-1178,CID-179,Receivable,Active,2025-06-01,,0.0,USD,Customer receivable account (Fabric),SampleGen
0970860d-9482-4717-b378-9a98a15af1c9,ACC-Fabric-1179,CID-180,Receivable,Active,2025-06-01,,0.0,USD,Customer receivable account (Fabric),SampleGen
16bc8d3c-4055-4aa3-a349-c5f2af890f7a,ACC-Fabric-1180,CID-181,Receivable,Active,2025-06-01,,0.0,USD,Customer receivable account (Fabric),SampleGen
3e449dc3-4bec-4a61-954f-3d40b10778af,ACC-Fabric-1181,CID-182,Receivable,Active,2025-06-01,,0.0,USD,Customer receivable account (Fabric),SampleGen
b1ef0e51-3fee-4785-b3a7-7da697c8193e,ACC-Fabric-1182,CID-183,Receivable,Active,2025-06-01,,0.0,USD,Customer receivable account (Fabric),SampleGen
3e893100-b883-45ac-99e4-86153bffd97e,ACC-Fabric-1183,CID-184,Receivable,Active,2025-06-01,,0.0,USD,Customer receivable account (Fabric),SampleGen
7b8384ac-3752-4866-a79f-32fa9bc03bb7,ACC-Fabric-1184,CID-185,Receivable,Active,2025-06-01,,0.0,USD,Customer receivable account (Fabric),SampleGen
ebb7bb13-8cde-4b6d-9972-01911f31993f,ACC-Fabric-1185,CID-186,Receivable,Active,2025-06-01,,0.0,USD,Customer receivable account (Fabric),SampleGen
c2eda486-ecfe-4e19-b64d-58c465d09f7d,ACC-Fabric-1186,CID-187,Receivable,Active,2025-06-01,,0.0,USD,Customer receivable account (Fabric),SampleGen
72237f34-894b-461a-8c4c-370b17cfbc9f,ACC-Fabric-1187,CID-188,Receivable,Active,2025-06-01,,0.0,USD,Customer receivable account (Fabric),SampleGen
b08ce8e8-1fed-4761-812d-f9210fd94555,ACC-Fabric-1188,CID-189,Receivable,Active,2025-06-01,,0.0,USD,Customer receivable account (Fabric),SampleGen
d4f8d551-6170-403e-81ae-5498a6d6e136,ACC-Fabric-1189,CID-190,Receivable,Active,2025-06-01,,0.0,USD,Customer receivable account (Fabric),SampleGen
07051582-be20-4da5-9d94-574659c881f0,ACC-Fabric-1190,CID-191,Receivable,Active,2025-06-01,,0.0,USD,Customer receivable account (Fabric),SampleGen
dccb644f-a82e-46e7-877c-fd1a1ab61bec,ACC-Fabric-1191,CID-192,Receivable,Active,2025-06-01,,0.0,USD,Customer receivable account (Fabric),SampleGen
9f8191ce-2ee6-44fa-83e1-c92e9c7c2315,ACC-Fabric-1192,CID-193,Receivable,Active,2025-06-01,,0.0,USD,Customer receivable account (Fabric),SampleGen
61311e54-7773-49c4-9d95-d6f60c5eb671,ACC-Fabric-1193,CID-194,Receivable,Active,2025-06-01,,0.0,USD,Customer receivable account (Fabric),SampleGen
7e26c496-3bb0-4c83-ad53-0134d19c10e5,ACC-Fabric-1194,CID-195,Receivable,Active,2025-06-01,,0.0,USD,Customer receivable account (Fabric),SampleGen
0d097d3e-e111-4a15-a989-7151b540e0c0,ACC-Fabric-1195,CID-196,Receivable,Active,2025-06-01,,0.0,USD,Customer receivable account (Fabric),SampleGen
a01871fd-6a70-4ed0-afcf-d8a8052278c1,ACC-Fabric-1196,CID-197,Receivable,Active,2025-06-01,,0.0,USD,Customer receivable account (Fabric),SampleGen
8c4844dd-7709-483b-bb17-914511e4093b,ACC-Fabric-1197,CID-198,Receivable,Active,2025-06-01,,0.0,USD,Customer receivable account (Fabric),SampleGen
d30e1cda-3459-476a-92d9-e694a2784a02,ACC-Fabric-1198,CID-199,Receivable,Active,2025-06-01,,0.0,USD,Customer receivable account (Fabric),SampleGen
6de15c13-4971-44eb-b2da-3986c61d975b,ACC-Fabric-1199,CID-200,Receivable,Active,2025-06-01,,0.0,USD,Customer receivable account (Fabric),SampleGen
7e13e2cc-35e7-49a0-afe6-09f16d93ee75,ACC-Fabric-1200,CID-201,Receivable,Active,2025-06-01,,0.0,USD,Customer receivable account (Fabric),SampleGen
c087813e-a2d8-476a-b8e7-e4be0e3c2bd9,ACC-Fabric-1201,CID-202,Receivable,Active,2025-06-01,,0.0,USD,Customer receivable account (Fabric),SampleGen
40b01fc5-d0aa-42be-ac3a-3d9c454a5edd,ACC-Fabric-1202,CID-203,Receivable,Active,2025-06-01,,0.0,USD,Customer receivable account (Fabric),SampleGen
e32a1275-f656-4dc4-a2b1-7801041e0527,ACC-Fabric-1203,CID-204,Receivable,Active,2025-06-01,,0.0,USD,Customer receivable account (Fabric),SampleGen
224b8f7e-2634-4a0f-bf35-ee25206737a3,ACC-Fabric-1204,CID-205,Receivable,Active,2025-06-01,,0.0,USD,Customer receivable account (Fabric),SampleGen
69ac7c0a-1d08-4619-87ff-340470dff2df,ACC-Fabric-1205,CID-206,Receivable,Active,2025-06-01,,0.0,USD,Customer receivable account (Fabric),SampleGen
36961199-ff81-4418-81a5-a0eb8521b6a4,ACC-Fabric-1206,CID-207,Receivable,Active,2025-06-01,,0.0,USD,Customer receivable account (Fabric),SampleGen
c8de721d-51f4-4c2b-92c1-afa602ee6108,ACC-Fabric-1207,CID-208,Receivable,Active,2025-06-01,,0.0,USD,Customer receivable account (Fabric),SampleGen
82968c22-7d98-4800-af54-227c0f2e39bb,ACC-Fabric-1208,CID-209,Receivable,Active,2025-06-01,,0.0,USD,Customer receivable account (Fabric),SampleGen
82b161b4-cbc4-4716-b77d-84889d6cea4c,ACC-Fabric-1209,CID-210,Receivable,Active,2025-06-01,,0.0,USD,Customer receivable account (Fabric),SampleGen
50dbcb9a-f9d5-454c-8f52-92b0a8db5f5b,ACC-Fabric-1210,CID-211,Receivable,Active,2025-06-01,,0.0,USD,Customer receivable account (Fabric),SampleGen
601e0007-a53c-441e-9866-ebd98ba93894,ACC-Fabric-1211,CID-212,Receivable,Active,2025-06-01,,0.0,USD,Customer receivable account (Fabric),SampleGen
2ac3733f-e86d-44a9-986a-df8d3c22a844,ACC-Fabric-1212,CID-213,Receivable,Active,2025-06-01,,0.0,USD,Customer receivable account (Fabric),SampleGen
5372cc1d-26c7-48bd-9193-b0df7cc6f97f,ACC-Fabric-1213,CID-214,Receivable,Active,2025-06-01,,0.0,USD,Customer receivable account (Fabric),SampleGen
13d27123-d70f-4e53-a0bc-ea02e1b8ce94,ACC-Fabric-1214,CID-215,Receivable,Active,2025-06-01,,0.0,USD,Customer receivable account (Fabric),SampleGen
65f7000e-3842-4e7e-b5da-544bffa16e06,ACC-Fabric-1215,CID-216,Receivable,Active,2025-06-01,,0.0,USD,Customer receivable account (Fabric),SampleGen
785f0e38-7011-4739-a4fe-3b29baccbd6c,ACC-Fabric-1216,CID-217,Receivable,Active,2025-06-01,,0.0,USD,Customer receivable account (Fabric),SampleGen
8b69d268-e366-4aaf-9bd6-8f0482c780e9,ACC-Fabric-1217,CID-218,Receivable,Active,2025-06-01,,0.0,USD,Customer receivable account (Fabric),SampleGen
588e9f9e-fe2f-44c0-bccc-3a7b89fd871c,ACC-Fabric-1218,CID-219,Receivable,Active,2025-06-01,,0.0,USD,Customer receivable account (Fabric),SampleGen
c57de6ac-48b0-4bcf-839c-abd1a27a56d7,ACC-Fabric-1219,CID-220,Receivable,Active,2025-06-01,,0.0,USD,Customer receivable account (Fabric),SampleGen
6fa511bd-3539-4d49-9681-13370f8b074a,ACC-Fabric-1220,CID-221,Receivable,Active,2025-06-01,,0.0,USD,Customer receivable account (Fabric),SampleGen
1c3d81ca-38a5-4d71-869a-4950e2f8a1c1,ACC-Fabric-1221,CID-222,Receivable,Active,2025-06-01,,0.0,USD,Customer receivable account (Fabric),SampleGen
a460bd0a-2d53-48a4-875e-938e9b6e9f1a,ACC-Fabric-1222,CID-223,Receivable,Active,2025-06-01,,0.0,USD,Customer receivable account (Fabric),SampleGen
6448e771-cf66-4777-bf09-fa9f60b59d6f,ACC-Fabric-1223,CID-224,Receivable,Active,2025-06-01,,0.0,USD,Customer receivable account (Fabric),SampleGen
9cbdff14-9cd2-4bfa-a15a-d55054bd5dc5,ACC-Fabric-1224,CID-225,Receivable,Active,2025-06-01,,0.0,USD,Customer receivable account (Fabric),SampleGen
907a13f0-50dc-4f76-9358-d1d46cde3e1e,ACC-Fabric-1225,CID-226,Receivable,Active,2025-06-01,,0.0,USD,Customer receivable account (Fabric),SampleGen
8bb3e984-8509-47c1-92f7-9cce4c9d8a22,ACC-Fabric-1226,CID-227,Receivable,Active,2025-06-01,,0.0,USD,Customer receivable account (Fabric),SampleGen
d1a979bf-13ad-4759-aa31-0ac5c7b9a3eb,ACC-Fabric-1227,CID-228,Receivable,Active,2025-06-01,,0.0,USD,Customer receivable account (Fabric),SampleGen
9f7d81b1-0483-438a-adc4-986dbdccf251,ACC-Fabric-1228,CID-229,Receivable,Active,2025-06-01,,0.0,USD,Customer receivable account (Fabric),SampleGen
171a8362-95e8-4492-b72a-8badc0e29eef,ACC-Fabric-1229,CID-230,Receivable,Active,2025-06-01,,0.0,USD,Customer receivable account (Fabric),SampleGen
7f038a5f-dc83-4b16-9268-62eaf960fe7b,ACC-Fabric-1230,CID-231,Receivable,Active,2025-06-01,,0.0,USD,Customer receivable account (Fabric),SampleGen
ba3313ff-f923-4ef4-ba6e-a38893db1df6,ACC-Fabric-1231,CID-232,Receivable,Active,2025-06-01,,0.0,USD,Customer receivable account (Fabric),SampleGen
98da5a98-a815-48c9-b9c5-dc35ea9f86a9,ACC-Fabric-1232,CID-233,Receivable,Active,2025-06-01,,0.0,USD,Customer receivable account (Fabric),SampleGen
d4223a28-4f4c-46d0-967e-c6fa0a5e43c5,ACC-Fabric-1233,CID-234,Receivable,Active,2025-06-01,,0.0,USD,Customer receivable account (Fabric),SampleGen
d50f12d0-98c1-4f05-b892-0343270c0d53,ACC-Fabric-1234,CID-235,Receivable,Active,2025-06-01,,0.0,USD,Customer receivable account (Fabric),SampleGen
39930f12-7550-4119-906d-07762cb286db,ACC-Fabric-1235,CID-236,Receivable,Active,2025-06-01,,0.0,USD,Customer receivable account (Fabric),SampleGen
0592d9d7-d021-4306-8752-5e18312900a2,ACC-Fabric-1236,CID-237,Receivable,Active,2025-06-01,,0.0,USD,Customer receivable account (Fabric),SampleGen
755f9ea0-440a-497c-b933-d41e358ce03d,ACC-Fabric-1237,CID-238,Receivable,Active,2025-06-01,,0.0,USD,Customer receivable account (Fabric),SampleGen
dba91e3d-07c8-451e-b9c3-c01198ff5c18,ACC-Fabric-1238,CID-239,Receivable,Active,2025-06-01,,0.0,USD,Customer receivable account (Fabric),SampleGen
76556cfd-d5f4-440b-b2a2-aa9b62ef0122,ACC-Fabric-1239,CID-240,Receivable,Active,2025-06-01,,0.0,USD,Customer receivable account (Fabric),SampleGen
d9b9ead3-9a5a-4f65-9498-d7e9969cfb19,ACC-Fabric-1240,CID-241,Receivable,Active,2025-06-01,,0.0,USD,Customer receivable account (Fabric),SampleGen
03d8ce03-4738-4739-b70e-df4f444f9376,ACC-Fabric-1241,CID-242,Receivable,Active,2025-06-01,,0.0,USD,Customer receivable account (Fabric),SampleGen
ea7fefc8-4312-4df7-9d09-3199f4d85edf,ACC-Fabric-1242,CID-243,Receivable,Active,2025-06-01,,0.0,USD,Customer receivable account (Fabric),SampleGen
9d3e9c38-b098-4735-a108-97e23f76a0de,ACC-Fabric-1243,CID-244,Receivable,Active,2025-06-01,,0.0,USD,Customer receivable account (Fabric),SampleGen
dd060a0b-0f8b-411c-b243-e388e3e3e079,ACC-Fabric-1244,CID-245,Receivable,Active,2025-06-01,,0.0,USD,Customer receivable account (Fabric),SampleGen
fa9b18f8-31f0-426e-9e76-814a17359589,ACC-Fabric-1245,CID-246,Receivable,Active,2025-06-01,,0.0,USD,Customer receivable account (Fabric),SampleGen
3dfaa161-f827-412b-8453-138a5a89f39b,ACC-Fabric-1246,CID-247,Receivable,Active,2025-06-01,,0.0,USD,Customer receivable account (Fabric),SampleGen
adb98dea-83e0-49a8-8bf7-4cf2c312849b,ACC-Fabric-1247,CID-248,Receivable,Active,2025-06-01,,0.0,USD,Customer receivable account (Fabric),SampleGen
8d6d9047-324e-4280-822d-45af0aa49245,ACC-Fabric-1248,CID-249,Receivable,Active,2025-06-01,,0.0,USD,Customer receivable account (Fabric),SampleGen
895795fc-ce70-40c6-8402-27b1d00cd8a7,ACC-Fabric-1249,CID-250,Receivable,Active,2025-06-01,,0.0,USD,Customer receivable account (Fabric),SampleGen
cf384b18-f29d-45b4-b19f-94845cfdd61a,ACC-Fabric-1250,CID-251,Receivable,Active,2025-06-01,,0.0,USD,Customer receivable account (Fabric),SampleGen
80cd26bf-65e6-4783-9e6d-2113372ed721,ACC-Fabric-1251,CID-252,Receivable,Active,2025-06-01,,0.0,USD,Customer receivable account (Fabric),SampleGen
cc54e6c9-ef02-4cfe-a511-d60f2ab88734,ACC-Fabric-1252,CID-253,Receivable,Active,2025-06-01,,0.0,USD,Customer receivable account (Fabric),SampleGen
03c2a2f4-36a1-461c-82f9-66b3c9f31eab,ACC-Fabric-1253,CID-254,Receivable,Active,2025-06-01,,0.0,USD,Customer receivable account (Fabric),SampleGen
88c2c6c5-e8ab-4b52-8def-4f93f1189b7e,ACC-Fabric-1254,CID-255,Receivable,Active,2025-06-01,,0.0,USD,Customer receivable account (Fabric),SampleGen
46920284-59eb-49cf-971b-a0265e363034,ACC-Fabric-1255,CID-256,Receivable,Active,2025-06-01,,0.0,USD,Customer receivable account (Fabric),SampleGen
11a64fec-8a2d-41a7-bbba-c932a181c426,ACC-Fabric-1256,CID-257,Receivable,Active,2025-06-01,,0.0,USD,Customer receivable account (Fabric),SampleGen
2a5a19bd-52b4-40d5-9442-fdd25699c9a2,ACC-Fabric-1257,CID-258,Receivable,Active,2025-06-01,,0.0,USD,Customer receivable account (Fabric),SampleGen
54dcfc30-214e-4f11-b267-da98a78e8512,ACC-Fabric-1258,CID-259,Receivable,Active,2025-06-01,,0.0,USD,Customer receivable account (Fabric),SampleGen
e9d20669-644e-4038-b1de-bd17e1e85b42,ACC-Fabric-1259,CID-260,Receivable,Active,2025-06-01,,0.0,USD,Customer receivable account (Fabric),SampleGen
34e9c9a8-890a-4cd0-add5-68e9998f3ebf,ACC-Fabric-1260,CID-261,Receivable,Active,2025-06-01,,0.0,USD,Customer receivable account (Fabric),SampleGen
aefc2438-b414-4266-a4dc-8eaff060d140,ACC-Fabric-1261,CID-262,Receivable,Active,2025-06-01,,0.0,USD,Customer receivable account (Fabric),SampleGen
ac0dc92c-7189-4b8c-960a-000ecc6ad368,ACC-Fabric-1262,CID-263,Receivable,Active,2025-06-01,,0.0,USD,Customer receivable account (Fabric),SampleGen
2adf1515-1e50-4f7b-945b-3b4dbebee87c,ACC-Fabric-1263,CID-264,Receivable,Active,2025-06-01,,0.0,USD,Customer receivable account (Fabric),SampleGen
0d7bf1c3-7c33-4db8-92ae-954e88cf20f7,ACC-Fabric-1264,CID-265,Receivable,Active,2025-06-01,,0.0,USD,Customer receivable account (Fabric),SampleGen
717b81b6-14fe-4196-af6b-fb2c94f69d49,ACC-Fabric-1265,CID-266,Receivable,Active,2025-06-01,,0.0,USD,Customer receivable account (Fabric),SampleGen
701df336-f12a-4273-be03-3f1e18bc221e,ACC-Fabric-1266,CID-267,Receivable,Active,2025-06-01,,0.0,USD,Customer receivable account (Fabric),SampleGen
482dc378-cada-48d4-92f0-3b77cf06f436,ACC-Fabric-1267,CID-268,Receivable,Active,2025-06-01,,0.0,USD,Customer receivable account (Fabric),SampleGen
227f12a6-e213-42fb-b5f1-12a7cd952fe4,ACC-Fabric-1268,CID-269,Receivable,Active,2025-06-01,,0.0,USD,Customer receivable account (Fabric),SampleGen
717b175a-671e-4933-992d-b8a67e1934ce,ACC-Fabric-1269,CID-270,Receivable,Active,2025-06-01,,0.0,USD,Customer receivable account (Fabric),SampleGen
7aeeb931-4809-4b8b-b378-f63ab04a5053,ACC-Fabric-1270,CID-271,Receivable,Active,2025-06-01,,0.0,USD,Customer receivable account (Fabric),SampleGen
2fe84d7a-a632-44e0-a7de-f136a854a237,ACC-Fabric-1271,CID-272,Receivable,Active,2025-06-01,,0.0,USD,Customer receivable account (Fabric),SampleGen
80859552-ba93-455f-a2bb-5e717a259ae3,ACC-Fabric-1272,CID-273,Receivable,Active,2025-06-01,,0.0,USD,Customer receivable account (Fabric),SampleGen
23bd0958-37fe-4ec5-8b86-7106668461fa,ACC-Fabric-1273,CID-274,Receivable,Active,2025-06-01,,0.0,USD,Customer receivable account (Fabric),SampleGen
a043dcab-8c88-471f-bfcb-694a4bc98482,ACC-Fabric-1274,CID-275,Receivable,Active,2025-06-01,,0.0,USD,Customer receivable account (Fabric),SampleGen
d9095dca-276b-473b-861b-f1e3359a1ca7,ACC-Fabric-1275,CID-276,Receivable,Active,2025-06-01,,0.0,USD,Customer receivable account (Fabric),SampleGen
b8af08cb-0546-485c-b1be-5d34391a5677,ACC-Fabric-1276,CID-277,Receivable,Active,2025-06-01,,0.0,USD,Customer receivable account (Fabric),SampleGen
ecf71c5a-1048-4b3d-bb54-270494a7af07,ACC-Fabric-1277,CID-278,Receivable,Active,2025-06-01,,0.0,USD,Customer receivable account (Fabric),SampleGen
2e065d64-36eb-477c-82ee-44b34ef8c780,ACC-Fabric-1278,CID-279,Receivable,Active,2025-06-01,,0.0,USD,Customer receivable account (Fabric),SampleGen
f634f122-f3d9-449b-a618-ab284536d0c4,ACC-Fabric-1279,CID-280,Receivable,Active,2025-06-01,,0.0,USD,Customer receivable account (Fabric),SampleGen
2a36a8dc-89ad-4e00-bff4-9edd0dc495ad,ACC-Fabric-1280,CID-281,Receivable,Active,2025-06-01,,0.0,USD,Customer receivable account (Fabric),SampleGen
9a6ace9f-807d-463b-b156-d7c52c71eed0,ACC-Fabric-1281,CID-282,Receivable,Active,2025-06-01,,0.0,USD,Customer receivable account (Fabric),SampleGen
3f187fe9-aa67-4364-ad49-837e72bb7c97,ACC-Fabric-1282,CID-283,Receivable,Active,2025-06-01,,0.0,USD,Customer receivable account (Fabric),SampleGen
b2024029-0d59-40a5-8e5a-13262a233001,ACC-Fabric-1283,CID-284,Receivable,Active,2025-06-01,,0.0,USD,Customer receivable account (Fabric),SampleGen
75fef23c-ffab-45db-894a-b702dbbf1440,ACC-Fabric-1284,CID-285,Receivable,Active,2025-06-01,,0.0,USD,Customer receivable account (Fabric),SampleGen
7f160198-c778-4f20-863c-7055435a4a87,ACC-Fabric-1285,CID-286,Receivable,Active,2025-06-01,,0.0,USD,Customer receivable account (Fabric),SampleGen
a40ca09b-d96c-42ec-947b-35d88f7e1ce5,ACC-Fabric-1286,CID-287,Receivable,Active,2025-06-01,,0.0,USD,Customer receivable account (Fabric),SampleGen
90a7e675-5af1-45a3-bf99-31f5af4ea557,ACC-Fabric-1287,CID-288,Receivable,Active,2025-06-01,,0.0,USD,Customer receivable account (Fabric),SampleGen
6ac116b3-aa49-4a63-a4d5-0f3c12fe339b,ACC-Fabric-1288,CID-289,Receivable,Active,2025-06-01,,0.0,USD,Customer receivable account (Fabric),SampleGen
4cd6985b-bb38-4006-9376-2c5cd47f5c21,ACC-Fabric-1289,CID-290,Receivable,Active,2025-06-01,,0.0,USD,Customer receivable account (Fabric),SampleGen
02be9eb3-aaf4-41e5-8b47-f503cef7f4ef,ACC-Fabric-1290,CID-291,Receivable,Active,2025-06-01,,0.0,USD,Customer receivable account (Fabric),SampleGen
6e5bcae9-f5e2-43d2-9cc9-2b7d38f7f97d,ACC-Fabric-1291,CID-292,Receivable,Active,2025-06-01,,0.0,USD,Customer receivable account (Fabric),SampleGen
5aa129f7-8066-42f4-be22-d9f0611bdb98,ACC-Fabric-1292,CID-293,Receivable,Active,2025-06-01,,0.0,USD,Customer receivable account (Fabric),SampleGen
38b7c572-9ef4-4ef2-bb61-9bbbb14fa1c0,ACC-Fabric-1293,CID-294,Receivable,Active,2025-06-01,,0.0,USD,Customer receivable account (Fabric),SampleGen
63a75330-5975-48ed-b243-8fd82cee1e5c,ACC-Fabric-1294,CID-295,Receivable,Active,2025-06-01,,0.0,USD,Customer receivable account (Fabric),SampleGen
0d39b8f4-55a1-4c78-9273-eca1d5fc7ab1,ACC-Fabric-1295,CID-296,Receivable,Active,2025-06-01,,0.0,USD,Customer receivable account (Fabric),SampleGen
225a12b9-8039-4674-8a4f-021874faf59e,ACC-Fabric-1296,CID-297,Receivable,Active,2025-06-01,,0.0,USD,Customer receivable account (Fabric),SampleGen
ee4580ad-2561-4b06-8afe-d5b3cffc8a74,ACC-Fabric-1297,CID-298,Receivable,Active,2025-06-01,,0.0,USD,Customer receivable account (Fabric),SampleGen
c00f999c-a5c5-4768-8b86-4e92014ccb94,ACC-Fabric-1298,CID-299,Receivable,Active,2025-06-01,,0.0,USD,Customer receivable account (Fabric),SampleGen
9d3f777e-3c19-46af-9063-d7770d5e0584,ACC-Fabric-1299,CID-300,Receivable,Active,2025-06-01,,0.0,USD,Customer receivable account (Fabric),SampleGen
9439c847-ff01-47c4-aedd-f129e4f70e06,ACC-Fabric-1300,CID-301,Receivable,Active,2025-06-01,,0.0,USD,Customer receivable account (Fabric),SampleGen
f7a3c0ae-8638-4745-82e0-cff1acd06dfd,ACC-Fabric-1301,CID-302,Receivable,Active,2025-06-01,,0.0,USD,Customer receivable account (Fabric),SampleGen
979c8823-0a0f-4624-8b85-6a027318a513,ACC-Fabric-1302,CID-303,Receivable,Active,2025-06-01,,0.0,USD,Customer receivable account (Fabric),SampleGen
4aee382f-3c91-4b72-8ced-0c8b11e2a7fb,ACC-Fabric-1303,CID-304,Receivable,Active,2025-06-01,,0.0,USD,Customer receivable account (Fabric),SampleGen
6835f9e8-b996-4640-8b4d-fd98fab07231,ACC-Fabric-1304,CID-305,Receivable,Active,2025-06-01,,0.0,USD,Customer receivable account (Fabric),SampleGen
60705fe5-cdf3-4504-af5c-89a36582a813,ACC-Fabric-1305,CID-306,Receivable,Active,2025-06-01,,0.0,USD,Customer receivable account (Fabric),SampleGen
c2397a61-7b8e-4adb-9d58-e2b453111dbc,ACC-Fabric-1306,CID-307,Receivable,Active,2025-06-01,,0.0,USD,Customer receivable account (Fabric),SampleGen
7ec8ca96-8523-483f-8fe4-ed843cdc0a8c,ACC-Fabric-1307,CID-308,Receivable,Active,2025-06-01,,0.0,USD,Customer receivable account (Fabric),SampleGen
eb724298-9b79-4ec6-b7de-459412f91cd9,ACC-Fabric-1308,CID-309,Receivable,Active,2025-06-01,,0.0,USD,Customer receivable account (Fabric),SampleGen
93a7e500-4fe5-41e0-9eca-6fa7d335e066,ACC-Fabric-1309,CID-310,Receivable,Active,2025-06-01,,0.0,USD,Customer receivable account (Fabric),SampleGen
4cc49b15-920c-4483-a69e-cc94af6add00,ACC-Fabric-1310,CID-311,Receivable,Active,2025-06-01,,0.0,USD,Customer receivable account (Fabric),SampleGen
172e70be-0c44-410a-80a3-209c9e84aa37,ACC-Fabric-1311,CID-312,Receivable,Active,2025-06-01,,0.0,USD,Customer receivable account (Fabric),SampleGen
ac4e02ba-c7ef-4150-8d62-64f97d32ba6e,ACC-Fabric-1312,CID-313,Receivable,Active,2025-06-01,,0.0,USD,Customer receivable account (Fabric),SampleGen
6062c903-fb1e-4e8b-9594-9c3314c103dd,ACC-Fabric-1313,CID-314,Receivable,Active,2025-06-01,,0.0,USD,Customer receivable account (Fabric),SampleGen
8e64758e-e74d-4cb0-871e-cb8655205ec8,ACC-Fabric-1314,CID-315,Receivable,Active,2025-06-01,,0.0,USD,Customer receivable account (Fabric),SampleGen
23b762a7-77b6-42e6-b085-1492068a9a0f,ACC-Fabric-1315,CID-316,Receivable,Active,2025-06-01,,0.0,USD,Customer receivable account (Fabric),SampleGen
3296737a-115e-482e-90a9-0bb7af3a1d51,ACC-Fabric-1316,CID-317,Receivable,Active,2025-06-01,,0.0,USD,Customer receivable account (Fabric),SampleGen
8dcfbcfb-4e65-4f6f-b88b-d874aa99d920,ACC-Fabric-1317,CID-318,Receivable,Active,2025-06-01,,0.0,USD,Customer receivable account (Fabric),SampleGen
a6c1ff88-1fa6-45b0-b9af-398af6c00456,ACC-Fabric-1318,CID-319,Receivable,Active,2025-06-01,,0.0,USD,Customer receivable account (Fabric),SampleGen
371c7691-54ea-4e4b-9034-d544e3f710ad,ACC-Fabric-1319,CID-320,Receivable,Active,2025-06-01,,0.0,USD,Customer receivable account (Fabric),SampleGen
15334ef8-9316-42fa-a3ef-69c84f07b7b6,ACC-Fabric-1320,CID-321,Receivable,Active,2025-06-01,,0.0,USD,Customer receivable account (Fabric),SampleGen
47ecb733-0882-4ece-8ab9-01f732ad87d2,ACC-Fabric-1321,CID-322,Receivable,Active,2025-06-01,,0.0,USD,Customer receivable account (Fabric),SampleGen
d4961f91-199c-48f8-850f-b9ee3c139d83,ACC-Fabric-1322,CID-323,Receivable,Active,2025-06-01,,0.0,USD,Customer receivable account (Fabric),SampleGen
07bd3f38-78fc-40b3-b358-3585ab700d83,ACC-Fabric-1323,CID-324,Receivable,Active,2025-06-01,,0.0,USD,Customer receivable account (Fabric),SampleGen
8c4c71c8-a664-48a9-aa17-e450dc4f9203,ACC-Fabric-1324,CID-325,Receivable,Active,2025-06-01,,0.0,USD,Customer receivable account (Fabric),SampleGen
25599f40-4928-46ec-b215-e68242d7a238,ACC-Fabric-1325,CID-326,Receivable,Active,2025-06-01,,0.0,USD,Customer receivable account (Fabric),SampleGen
5d0791e3-6537-4f4f-9d45-c8e2a65d567b,ACC-Fabric-1326,CID-327,Receivable,Active,2025-06-01,,0.0,USD,Customer receivable account (Fabric),SampleGen
9886c697-cd61-4ed1-a01e-64073a241670,ACC-Fabric-1327,CID-328,Receivable,Active,2025-06-01,,0.0,USD,Customer receivable account (Fabric),SampleGen
bf78e2b2-43df-4782-b601-15ce0c725117,ACC-Fabric-1328,CID-329,Receivable,Active,2025-06-01,,0.0,USD,Customer receivable account (Fabric),SampleGen
794aa66f-eb6b-4ce7-a556-955d7508c03c,ACC-Fabric-1329,CID-330,Receivable,Active,2025-06-01,,0.0,USD,Customer receivable account (Fabric),SampleGen
791988f1-cf85-4b1b-b1fc-af7cfb59e339,ACC-Fabric-1330,CID-331,Receivable,Active,2025-06-01,,0.0,USD,Customer receivable account (Fabric),SampleGen
4823c206-9284-4ff0-9c0c-d11ddf7db247,ACC-Fabric-1331,CID-332,Receivable,Active,2025-06-01,,0.0,USD,Customer receivable account (Fabric),SampleGen
3310b258-a0b9-4dbb-876e-1a6c644e4abd,ACC-Fabric-1332,CID-333,Receivable,Active,2025-06-01,,0.0,USD,Customer receivable account (Fabric),SampleGen
3aaac0b2-eb50-47e0-9966-53ee87bf4bdd,ACC-Fabric-1333,CID-334,Receivable,Active,2025-06-01,,0.0,USD,Customer receivable account (Fabric),SampleGen
30ca92ae-aa8e-4968-a66a-a9e58b5cb002,ACC-Fabric-1334,CID-335,Receivable,Active,2025-06-01,,0.0,USD,Customer receivable account (Fabric),SampleGen
df86ca81-29bf-40f8-88f8-655280f64057,ACC-Fabric-1335,CID-336,Receivable,Active,2025-06-01,,0.0,USD,Customer receivable account (Fabric),SampleGen
9940f088-2a0d-405c-b971-272445dd1c19,ACC-Fabric-1336,CID-337,Receivable,Active,2025-06-01,,0.0,USD,Customer receivable account (Fabric),SampleGen
facf5474-d803-42bb-ae2d-767a6b49eddf,ACC-Fabric-1337,CID-338,Receivable,Active,2025-06-01,,0.0,USD,Customer receivable account (Fabric),SampleGen
1ebbc206-deef-4f4a-8c6a-59c3bd56088f,ACC-Fabric-1338,CID-339,Receivable,Active,2025-06-01,,0.0,USD,Customer receivable account (Fabric),SampleGen
af751f2c-02a1-4ff5-a40b-de13ae5a0ad6,ACC-Fabric-1339,CID-340,Receivable,Active,2025-06-01,,0.0,USD,Customer receivable account (Fabric),SampleGen
64918a4d-be49-4764-8230-701ecb003c3e,ACC-Fabric-1340,CID-341,Receivable,Active,2025-06-01,,0.0,USD,Customer receivable account (Fabric),SampleGen
85e37b5e-2560-472b-a4d6-fd8b654ced6d,ACC-Fabric-1341,CID-342,Receivable,Active,2025-06-01,,0.0,USD,Customer receivable account (Fabric),SampleGen
61c0d76a-8ac6-489a-8930-48502633229e,ACC-Fabric-1342,CID-343,Receivable,Active,2025-06-01,,0.0,USD,Customer receivable account (Fabric),SampleGen
fad9c792-d8f0-4902-8ee6-1cdd7ba80ab2,ACC-Fabric-1343,CID-344,Receivable,Active,2025-06-01,,0.0,USD,Customer receivable account (Fabric),SampleGen
6474844a-61c4-431a-b176-d13bf06c0708,ACC-Fabric-1344,CID-345,Receivable,Active,2025-06-01,,0.0,USD,Customer receivable account (Fabric),SampleGen
53c3164e-7d96-41a5-acf1-773bbcb1575c,ACC-Fabric-1345,CID-346,Receivable,Active,2025-06-01,,0.0,USD,Customer receivable account (Fabric),SampleGen
479c973a-0aa8-40c1-9690-3e2e6b0e3faf,ACC-Fabric-1346,CID-347,Receivable,Active,2025-06-01,,0.0,USD,Customer receivable account (Fabric),SampleGen
cabd6f10-eb58-42d3-b41f-baea390829b0,ACC-Fabric-1347,CID-348,Receivable,Active,2025-06-01,,0.0,USD,Customer receivable account (Fabric),SampleGen
12e14c44-5e89-4df2-aade-45bd7791e70f,ACC-Fabric-1348,CID-349,Receivable,Active,2025-06-01,,0.0,USD,Customer receivable account (Fabric),SampleGen
58464774-cd50-40fa-a72a-446db6b0f560,ACC-Fabric-1349,CID-350,Receivable,Active,2025-06-01,,0.0,USD,Customer receivable account (Fabric),SampleGen
660b4493-6a23-4209-9c87-f570bcd41fae,ACC-Fabric-1350,CID-351,Receivable,Active,2025-06-01,,0.0,USD,Customer receivable account (Fabric),SampleGen
f202e27f-4e47-4fe0-9434-6626243a5791,ACC-Fabric-1351,CID-352,Receivable,Active,2025-06-01,,0.0,USD,Customer receivable account (Fabric),SampleGen
811d4686-7563-4f76-bca3-b29ff7f39477,ACC-Fabric-1352,CID-353,Receivable,Active,2025-06-01,,0.0,USD,Customer receivable account (Fabric),SampleGen
6aff068a-b8b1-4fb8-a12e-d73660944bb8,ACC-Fabric-1353,CID-354,Receivable,Active,2025-06-01,,0.0,USD,Customer receivable account (Fabric),SampleGen
dd3ae00d-9421-41a2-938d-155b070d1e69,ACC-Fabric-1354,CID-355,Receivable,Active,2025-06-01,,0.0,USD,Customer receivable account (Fabric),SampleGen
9a1bb857-bc39-447a-8260-f5fe2e3f7f4c,ACC-Fabric-1355,CID-356,Receivable,Active,2025-06-01,,0.0,USD,Customer receivable account (Fabric),SampleGen
9b81fb6f-ab10-4e18-8a3d-ec4139128144,ACC-Fabric-1356,CID-357,Receivable,Active,2025-06-01,,0.0,USD,Customer receivable account (Fabric),SampleGen
b8a501d5-a428-49ee-89ba-2e21a5a4f856,ACC-Fabric-1357,CID-358,Receivable,Active,2025-06-01,,0.0,USD,Customer receivable account (Fabric),SampleGen
c3a364ef-c378-48bc-8f95-d7bd93ce4f9a,ACC-Fabric-1358,CID-359,Receivable,Active,2025-06-01,,0.0,USD,Customer receivable account (Fabric),SampleGen
c0f620f2-0191-4d9f-8529-55a61c3d6dec,ACC-Fabric-1359,CID-360,Receivable,Active,2025-06-01,,0.0,USD,Customer receivable account (Fabric),SampleGen
f11599bc-7318-4211-a90d-eda189febe5d,ACC-Fabric-1360,CID-361,Receivable,Active,2025-06-01,,0.0,USD,Customer receivable account (Fabric),SampleGen
a0716d7b-a0ee-4755-8bb0-8f018fe93037,ACC-Fabric-1361,CID-362,Receivable,Active,2025-06-01,,0.0,USD,Customer receivable account (Fabric),SampleGen
503a9897-3fca-4ef3-a801-0c6ef5cc7cf5,ACC-Fabric-1362,CID-363,Receivable,Active,2025-06-01,,0.0,USD,Customer receivable account (Fabric),SampleGen
0fa6e9fb-f600-4298-a9f2-28a12733bb66,ACC-Fabric-1363,CID-364,Receivable,Active,2025-06-01,,0.0,USD,Customer receivable account (Fabric),SampleGen
c1318526-6662-40f3-a88f-f79a58324b51,ACC-Fabric-1364,CID-365,Receivable,Active,2025-06-01,,0.0,USD,Customer receivable account (Fabric),SampleGen
3a56f1fc-6283-4bc2-9b39-4d1604de8ece,ACC-Fabric-1365,CID-366,Receivable,Active,2025-06-01,,0.0,USD,Customer receivable account (Fabric),SampleGen
32933fd2-f62c-444b-8267-d848a0458b1b,ACC-Fabric-1366,CID-367,Receivable,Active,2025-06-01,,0.0,USD,Customer receivable account (Fabric),SampleGen
eb0bf1fd-ffe2-4bad-824f-7bcffb6892b3,ACC-Fabric-1367,CID-368,Receivable,Active,2025-06-01,,0.0,USD,Customer receivable account (Fabric),SampleGen
2f5b4dbd-6d4f-4844-8f65-ec01156bb877,ACC-Fabric-1368,CID-369,Receivable,Active,2025-06-01,,0.0,USD,Customer receivable account (Fabric),SampleGen
6c5f5113-d267-4ed2-a98f-fad50378c21e,ACC-Fabric-1369,CID-370,Receivable,Active,2025-06-01,,0.0,USD,Customer receivable account (Fabric),SampleGen
4c45b546-eb33-42cc-9b53-a84b170e0227,ACC-Fabric-1370,CID-371,Receivable,Active,2025-06-01,,0.0,USD,Customer receivable account (Fabric),SampleGen
19ef3a8c-163c-4349-bc38-3f281b3b89c5,ACC-Fabric-1371,CID-372,Receivable,Active,2025-06-01,,0.0,USD,Customer receivable account (Fabric),SampleGen
6fa1d072-d706-4879-8b82-6a2523e1a915,ACC-Fabric-1372,CID-373,Receivable,Active,2025-06-01,,0.0,USD,Customer receivable account (Fabric),SampleGen
608f042a-5def-4e36-b48e-aeb4acff909e,ACC-Fabric-1373,CID-374,Receivable,Active,2025-06-01,,0.0,USD,Customer receivable account (Fabric),SampleGen
781242bd-224d-4cc4-bf63-72e7b3f52221,ACC-Fabric-1374,CID-375,Receivable,Active,2025-06-01,,0.0,USD,Customer receivable account (Fabric),SampleGen
3715289b-259a-4ad2-a912-93d936810c2b,ACC-Fabric-1375,CID-376,Receivable,Active,2025-06-01,,0.0,USD,Customer receivable account (Fabric),SampleGen
806b762b-6290-4954-b746-f2ad7956ac4b,ACC-Fabric-1376,CID-377,Receivable,Active,2025-06-01,,0.0,USD,Customer receivable account (Fabric),SampleGen
6aa06751-541d-40d1-949a-2e5cd47e1887,ACC-Fabric-1377,CID-378,Receivable,Active,2025-06-01,,0.0,USD,Customer receivable account (Fabric),SampleGen
9e46e180-f8d1-47af-b494-c8d7ab5a8e4f,ACC-Fabric-1378,CID-379,Receivable,Active,2025-06-01,,0.0,USD,Customer receivable account (Fabric),SampleGen
4ebe8969-a477-4abe-b57c-334309691071,ACC-Fabric-1379,CID-380,Receivable,Active,2025-06-01,,0.0,USD,Customer receivable account (Fabric),SampleGen
dbb7d49b-9b32-4540-b6f3-a36c024912ff,ACC-Fabric-1380,CID-381,Receivable,Active,2025-06-01,,0.0,USD,Customer receivable account (Fabric),SampleGen
0c600d38-c614-4d76-a732-2b58fafd9ee7,ACC-Fabric-1381,CID-382,Receivable,Active,2025-06-01,,0.0,USD,Customer receivable account (Fabric),SampleGen
da9333b4-ab44-4355-9975-1b32330f7d9b,ACC-Fabric-1382,CID-383,Receivable,Active,2025-06-01,,0.0,USD,Customer receivable account (Fabric),SampleGen
4fa5c6c2-e058-4e54-97c8-7b50b440849a,ACC-Fabric-1383,CID-384,Receivable,Active,2025-06-01,,0.0,USD,Customer receivable account (Fabric),SampleGen
23984b6a-f3f0-4af9-a537-b3c497c5f84b,ACC-Fabric-1384,CID-385,Receivable,Active,2025-06-01,,0.0,USD,Customer receivable account (Fabric),SampleGen
46ff1535-a900-49ad-86a2-4b342d7dde3f,ACC-Fabric-1385,CID-386,Receivable,Active,2025-06-01,,0.0,USD,Customer receivable account (Fabric),SampleGen
e0e562b9-741f-4e5c-b207-adf6994cfa84,ACC-Fabric-1386,CID-387,Receivable,Active,2025-06-01,,0.0,USD,Customer receivable account (Fabric),SampleGen
23208db1-3f39-4b9e-8ab4-6ed00d541897,ACC-Fabric-1387,CID-388,Receivable,Active,2025-06-01,,0.0,USD,Customer receivable account (Fabric),SampleGen
387793af-926f-4c34-a247-5f4dbc2491a4,ACC-Fabric-1388,CID-389,Receivable,Active,2025-06-01,,0.0,USD,Customer receivable account (Fabric),SampleGen
d3ca495a-78d5-43b4-a2ef-e7f3b60b0da0,ACC-Fabric-1389,CID-390,Receivable,Active,2025-06-01,,0.0,USD,Customer receivable account (Fabric),SampleGen
2a086cb0-bf83-47e4-9d1b-b63c61de5916,ACC-Fabric-1390,CID-391,Receivable,Active,2025-06-01,,0.0,USD,Customer receivable account (Fabric),SampleGen
e2dc72a8-2e52-40a4-a1f5-fdf027bb26ae,ACC-Fabric-1391,CID-392,Receivable,Active,2025-06-01,,0.0,USD,Customer receivable account (Fabric),SampleGen
39952ddd-b436-4fef-98ae-61ad7c5a7a52,ACC-Fabric-1392,CID-393,Receivable,Active,2025-06-01,,0.0,USD,Customer receivable account (Fabric),SampleGen
dbb40222-85c5-4322-8f2f-d6279ee45c9c,ACC-Fabric-1393,CID-394,Receivable,Active,2025-06-01,,0.0,USD,Customer receivable account (Fabric),SampleGen
9230b722-9d44-42e4-a5b5-91b1e428424b,ACC-Fabric-1394,CID-395,Receivable,Active,2025-06-01,,0.0,USD,Customer receivable account (Fabric),SampleGen
9cc26a61-2b45-4bf4-b149-7b141524bb49,ACC-Fabric-1395,CID-396,Receivable,Active,2025-06-01,,0.0,USD,Customer receivable account (Fabric),SampleGen
a41de31f-92cc-4b06-954d-04fd71ac421a,ACC-Fabric-1396,CID-397,Receivable,Active,2025-06-01,,0.0,USD,Customer receivable account (Fabric),SampleGen
aef6223a-992a-495e-930e-9d0fa91581f6,ACC-Fabric-1397,CID-398,Receivable,Active,2025-06-01,,0.0,USD,Customer receivable account (Fabric),SampleGen
de9e04e2-4f92-41b9-a056-a40b78be6969,ACC-Fabric-1398,CID-399,Receivable,Active,2025-06-01,,0.0,USD,Customer receivable account (Fabric),SampleGen
cb88683b-1a92-4fb1-8ba9-a32492914c93,ACC-Fabric-1399,CID-400,Receivable,Active,2025-06-01,,0.0,USD,Customer receivable account (Fabric),SampleGen
4e9de8f7-6fe7-4bb8-b2ce-95f81e7be410,ACC-Fabric-1400,CID-401,Receivable,Active,2025-06-01,,0.0,USD,Customer receivable account (Fabric),SampleGen
39756d79-d56f-4928-80ee-f73b7cfd12a7,ACC-Fabric-1401,CID-402,Receivable,Active,2025-06-01,,0.0,USD,Customer receivable account (Fabric),SampleGen
0be04c78-7641-471c-8993-e188a4240543,ACC-Fabric-1402,CID-403,Receivable,Active,2025-06-01,,0.0,USD,Customer receivable account (Fabric),SampleGen
bedcb3d8-ad05-4455-9a84-9dad822cd8b0,ACC-Fabric-1403,CID-404,Receivable,Active,2025-06-01,,0.0,USD,Customer receivable account (Fabric),SampleGen
e7efaa25-b875-48dc-8672-6b5914a9912f,ACC-Fabric-1404,CID-405,Receivable,Active,2025-06-01,,0.0,USD,Customer receivable account (Fabric),SampleGen
bc7bcc31-2ed2-4dbf-bc88-245d2c76707b,ACC-Fabric-1405,CID-406,Receivable,Active,2025-06-01,,0.0,USD,Customer receivable account (Fabric),SampleGen
8336cf21-6f11-4c1a-beec-a83eb7a65823,ACC-Fabric-1406,CID-407,Receivable,Active,2025-06-01,,0.0,USD,Customer receivable account (Fabric),SampleGen
b4970c64-ca86-4f84-963e-c42684a3d78a,ACC-Fabric-1407,CID-408,Receivable,Active,2025-06-01,,0.0,USD,Customer receivable account (Fabric),SampleGen
6641a9b7-7140-4491-a24f-0435c493d73f,ACC-Fabric-1408,CID-409,Receivable,Active,2025-06-01,,0.0,USD,Customer receivable account (Fabric),SampleGen
e2796ef4-d90d-4f5e-89c5-9a9c3f71701c,ACC-Fabric-1409,CID-410,Receivable,Active,2025-06-01,,0.0,USD,Customer receivable account (Fabric),SampleGen
96b3773a-e9ae-4fa8-a85b-33bcdaffacec,ACC-Fabric-1410,CID-411,Receivable,Active,2025-06-01,,0.0,USD,Customer receivable account (Fabric),SampleGen
a40089f9-082b-4c1a-bfe7-ece2cdc42c10,ACC-Fabric-1411,CID-412,Receivable,Active,2025-06-01,,0.0,USD,Customer receivable account (Fabric),SampleGen
bfee6965-608d-4707-8433-311ceb684a4d,ACC-Fabric-1412,CID-413,Receivable,Active,2025-06-01,,0.0,USD,Customer receivable account (Fabric),SampleGen
be54346b-3521-4a66-9047-7fb17aeb8ba6,ACC-Fabric-1413,CID-414,Receivable,Active,2025-06-01,,0.0,USD,Customer receivable account (Fabric),SampleGen
52ce85dc-5a15-4929-9d44-799d49027907,ACC-Fabric-1414,CID-415,Receivable,Active,2025-06-01,,0.0,USD,Customer receivable account (Fabric),SampleGen
16b48be6-8424-4b4d-9bba-c6c83d63f366,ACC-Fabric-1415,CID-416,Receivable,Active,2025-06-01,,0.0,USD,Customer receivable account (Fabric),SampleGen
724f9dcd-fe85-4aa6-bbe8-cc23ffc33387,ACC-Fabric-1416,CID-417,Receivable,Active,2025-06-01,,0.0,USD,Customer receivable account (Fabric),SampleGen
fa90c45d-f8a8-49d8-a2ff-3ce23d663dd0,ACC-Fabric-1417,CID-418,Receivable,Active,2025-06-01,,0.0,USD,Customer receivable account (Fabric),SampleGen
18e40a1d-4282-485e-9a57-459614e370c7,ACC-Fabric-1418,CID-419,Receivable,Active,2025-06-01,,0.0,USD,Customer receivable account (Fabric),SampleGen
dcd07601-a77f-4ad8-8c9d-bd0f9ec0503d,ACC-Fabric-1419,CID-420,Receivable,Active,2025-06-01,,0.0,USD,Customer receivable account (Fabric),SampleGen
c10d647f-71dc-41e4-bc3e-b64e4143b617,ACC-Fabric-1420,CID-421,Receivable,Active,2025-06-01,,0.0,USD,Customer receivable account (Fabric),SampleGen
410f3df4-7822-410f-acf2-af6c487c1e78,ACC-Fabric-1421,CID-422,Receivable,Active,2025-06-01,,0.0,USD,Customer receivable account (Fabric),SampleGen
edb36a43-b13c-4ae5-9d96-ca16a7d7968e,ACC-Fabric-1422,CID-423,Receivable,Active,2025-06-01,,0.0,USD,Customer receivable account (Fabric),SampleGen
6dde380a-e79d-4e7e-84dc-a92b1ed17967,ACC-Fabric-1423,CID-424,Receivable,Active,2025-06-01,,0.0,USD,Customer receivable account (Fabric),SampleGen
55e7c83d-c696-495a-ad32-737af53d99ab,ACC-Fabric-1424,CID-425,Receivable,Active,2025-06-01,,0.0,USD,Customer receivable account (Fabric),SampleGen
4d2bae59-5634-4635-a43e-2fe253b29c04,ACC-Fabric-1425,CID-426,Receivable,Active,2025-06-01,,0.0,USD,Customer receivable account (Fabric),SampleGen
59c82cda-de23-4488-b0bf-e60d8b431341,ACC-Fabric-1426,CID-427,Receivable,Active,2025-06-01,,0.0,USD,Customer receivable account (Fabric),SampleGen
4df013f2-33ff-477b-a68b-929bae68ad88,ACC-Fabric-1427,CID-428,Receivable,Active,2025-06-01,,0.0,USD,Customer receivable account (Fabric),SampleGen
d80c447a-b24b-41fc-8be0-ec14224ac94a,ACC-Fabric-1428,CID-429,Receivable,Active,2025-06-01,,0.0,USD,Customer receivable account (Fabric),SampleGen
ae5918ff-9b4d-4e3c-8076-413fae82e22f,ACC-Fabric-1429,CID-430,Receivable,Active,2025-06-01,,0.0,USD,Customer receivable account (Fabric),SampleGen
60fd0dfc-bd7d-4359-95cd-47bdde1c9364,ACC-Fabric-1430,CID-431,Receivable,Active,2025-06-01,,0.0,USD,Customer receivable account (Fabric),SampleGen
fb7aa769-6a08-45ec-b838-7df306df1de8,ACC-Fabric-1431,CID-432,Receivable,Active,2025-06-01,,0.0,USD,Customer receivable account (Fabric),SampleGen
fe546df9-5438-464a-95aa-0a7a8f0b3ccc,ACC-Fabric-1432,CID-433,Receivable,Active,2025-06-01,,0.0,USD,Customer receivable account (Fabric),SampleGen
2c025396-ad00-4888-b269-943f19ff87c7,ACC-Fabric-1433,CID-434,Receivable,Active,2025-06-01,,0.0,USD,Customer receivable account (Fabric),SampleGen
2277aaaa-8980-490a-a096-0efa89f300d8,ACC-Fabric-1434,CID-435,Receivable,Active,2025-06-01,,0.0,USD,Customer receivable account (Fabric),SampleGen
c8ae7801-34a3-4a65-8061-f99287450c72,ACC-Fabric-1435,CID-436,Receivable,Active,2025-06-01,,0.0,USD,Customer receivable account (Fabric),SampleGen
10929883-e475-4caf-9901-da7a8b0e4938,ACC-Fabric-1436,CID-437,Receivable,Active,2025-06-01,,0.0,USD,Customer receivable account (Fabric),SampleGen
2a70db32-e22c-4650-a0bb-31d3638084bc,ACC-Fabric-1437,CID-438,Receivable,Active,2025-06-01,,0.0,USD,Customer receivable account (Fabric),SampleGen
ce7a221c-5200-4bc4-8615-73b70bc0f0c4,ACC-Fabric-1438,CID-439,Receivable,Active,2025-06-01,,0.0,USD,Customer receivable account (Fabric),SampleGen
86c305cb-c505-4105-a3dd-ef2e1b2013d3,ACC-Fabric-1439,CID-440,Receivable,Active,2025-06-01,,0.0,USD,Customer receivable account (Fabric),SampleGen
8841fbec-5abb-439f-90f6-b5963cb23531,ACC-Fabric-1440,CID-441,Receivable,Active,2025-06-01,,0.0,USD,Customer receivable account (Fabric),SampleGen
d8ff869c-1dda-4353-b3b7-0aad4dee9198,ACC-Fabric-1441,CID-442,Receivable,Active,2025-06-01,,0.0,USD,Customer receivable account (Fabric),SampleGen
3b23fc8d-b648-4a28-98eb-8341d523aa95,ACC-Fabric-1442,CID-443,Receivable,Active,2025-06-01,,0.0,USD,Customer receivable account (Fabric),SampleGen
f5d3f8e3-a99a-4559-a61a-63860183ad29,ACC-Fabric-1443,CID-444,Receivable,Active,2025-06-01,,0.0,USD,Customer receivable account (Fabric),SampleGen
eb620ce9-471c-4f5e-be08-1f09d5441ba0,ACC-Fabric-1444,CID-445,Receivable,Active,2025-06-01,,0.0,USD,Customer receivable account (Fabric),SampleGen
4358a69c-d3ee-4898-97ba-fe2896c0a7e6,ACC-Fabric-1445,CID-446,Receivable,Active,2025-06-01,,0.0,USD,Customer receivable account (Fabric),SampleGen
ec6ebd71-f97f-48c4-bf56-38b99e5bbded,ACC-Fabric-1446,CID-447,Receivable,Active,2025-06-01,,0.0,USD,Customer receivable account (Fabric),SampleGen
d39b2c65-fa62-4082-ac83-f6bdd4636af4,ACC-Fabric-1447,CID-448,Receivable,Active,2025-06-01,,0.0,USD,Customer receivable account (Fabric),SampleGen
9e9dd951-9b54-40fe-82ff-73c74b09a095,ACC-Fabric-1448,CID-449,Receivable,Active,2025-06-01,,0.0,USD,Customer receivable account (Fabric),SampleGen
c55d28dc-d98f-4f98-8c18-bfbef72de388,ACC-Fabric-1449,CID-450,Receivable,Active,2025-06-01,,0.0,USD,Customer receivable account (Fabric),SampleGen
016a3ad5-6a26-4c19-b20a-25b0d9336555,ACC-Fabric-1450,CID-451,Receivable,Active,2025-06-01,,0.0,USD,Customer receivable account (Fabric),SampleGen
b90fafcd-4118-4128-b576-4c0e0a440868,ACC-Fabric-1451,CID-452,Receivable,Active,2025-06-01,,0.0,USD,Customer receivable account (Fabric),SampleGen
2b152de0-4adc-46a8-975c-8d12b62e7208,ACC-Fabric-1452,CID-453,Receivable,Active,2025-06-01,,0.0,USD,Customer receivable account (Fabric),SampleGen
f2892204-ec97-4df6-83ea-5bee920b4430,ACC-Fabric-1453,CID-454,Receivable,Active,2025-06-01,,0.0,USD,Customer receivable account (Fabric),SampleGen
b422a4aa-0d0c-4a73-9388-c568947f3988,ACC-Fabric-1454,CID-455,Receivable,Active,2025-06-01,,0.0,USD,Customer receivable account (Fabric),SampleGen
0688d279-418c-4a8f-9b58-bad9a313a78c,ACC-Fabric-1455,CID-456,Receivable,Active,2025-06-01,,0.0,USD,Customer receivable account (Fabric),SampleGen
f7c8addd-97d6-4b9c-8374-ae990dc7cc0f,ACC-Fabric-1456,CID-457,Receivable,Active,2025-06-01,,0.0,USD,Customer receivable account (Fabric),SampleGen
cf70fc18-ccc2-40c3-8a8a-f15671e10912,ACC-Fabric-1457,CID-458,Receivable,Active,2025-06-01,,0.0,USD,Customer receivable account (Fabric),SampleGen
87e5281c-f283-4e52-9c14-79683310875e,ACC-Fabric-1458,CID-459,Receivable,Active,2025-06-01,,0.0,USD,Customer receivable account (Fabric),SampleGen
8bd9ebc4-d6cd-41a2-8801-9ab5dae074e1,ACC-Fabric-1459,CID-460,Receivable,Active,2025-06-01,,0.0,USD,Customer receivable account (Fabric),SampleGen
51047d99-ca8a-4e34-a1ff-d894830c7819,ACC-Fabric-1460,CID-461,Receivable,Active,2025-06-01,,0.0,USD,Customer receivable account (Fabric),SampleGen
455fb513-0e95-4132-a25c-544ff767d318,ACC-Fabric-1461,CID-462,Receivable,Active,2025-06-01,,0.0,USD,Customer receivable account (Fabric),SampleGen
491c37dc-6cf9-46d5-b792-91ff5c2efb5d,ACC-Fabric-1462,CID-463,Receivable,Active,2025-06-01,,0.0,USD,Customer receivable account (Fabric),SampleGen
8ba47581-3ef7-4d32-928f-ac97977da11a,ACC-Fabric-1463,CID-464,Receivable,Active,2025-06-01,,0.0,USD,Customer receivable account (Fabric),SampleGen
b1b957bd-f6f0-4503-8ac8-058710b3eb91,ACC-Fabric-1464,CID-465,Receivable,Active,2025-06-01,,0.0,USD,Customer receivable account (Fabric),SampleGen
ac742e8f-e6bf-4221-9eab-ad79670465ef,ACC-Fabric-1465,CID-466,Receivable,Active,2025-06-01,,0.0,USD,Customer receivable account (Fabric),SampleGen
d7c85ab6-0f4b-41d8-b921-0a493536c49f,ACC-Fabric-1466,CID-467,Receivable,Active,2025-06-01,,0.0,USD,Customer receivable account (Fabric),SampleGen
fcc29720-7717-45df-b7e8-0a353db188d7,ACC-Fabric-1467,CID-468,Receivable,Active,2025-06-01,,0.0,USD,Customer receivable account (Fabric),SampleGen
fd98f04b-f245-418e-bff9-96768a6ee883,ACC-Fabric-1468,CID-469,Receivable,Active,2025-06-01,,0.0,USD,Customer receivable account (Fabric),SampleGen
c30aab2b-53fb-469e-95b8-81ed2e2830bd,ACC-Fabric-1469,CID-470,Receivable,Active,2025-06-01,,0.0,USD,Customer receivable account (Fabric),SampleGen
da9d64b6-a18a-49b4-94dc-36ae745bd438,ACC-Fabric-1470,CID-471,Receivable,Active,2025-06-01,,0.0,USD,Customer receivable account (Fabric),SampleGen
fa64ef1c-127d-4cfc-9474-0b82379d7a47,ACC-Fabric-1471,CID-472,Receivable,Active,2025-06-01,,0.0,USD,Customer receivable account (Fabric),SampleGen
f425daea-a323-41ec-af5f-c0c34be82e36,ACC-Fabric-1472,CID-473,Receivable,Active,2025-06-01,,0.0,USD,Customer receivable account (Fabric),SampleGen
bcc62c74-8731-4108-b7bb-4dc9163e929f,ACC-Fabric-1473,CID-474,Receivable,Active,2025-06-01,,0.0,USD,Customer receivable account (Fabric),SampleGen
9e75096e-7ada-47d9-bfd0-b98f9e5200dc,ACC-Fabric-1474,CID-475,Receivable,Active,2025-06-01,,0.0,USD,Customer receivable account (Fabric),SampleGen
0fc8fe0a-cb8f-487d-beed-c9df4a56eead,ACC-Fabric-1475,CID-476,Receivable,Active,2025-06-01,,0.0,USD,Customer receivable account (Fabric),SampleGen
d7786037-066c-4fbc-8797-1226cbe9a8ab,ACC-Fabric-1476,CID-477,Receivable,Active,2025-06-01,,0.0,USD,Customer receivable account (Fabric),SampleGen
2cc8fbff-f586-40a9-8fa1-9d3cc6c9808e,ACC-Fabric-1477,CID-478,Receivable,Active,2025-06-01,,0.0,USD,Customer receivable account (Fabric),SampleGen
421ba5aa-4088-4da5-b2d8-f422492d72ec,ACC-Fabric-1478,CID-479,Receivable,Active,2025-06-01,,0.0,USD,Customer receivable account (Fabric),SampleGen
1861801a-af81-44e7-b222-263322eda865,ACC-Fabric-1479,CID-480,Receivable,Active,2025-06-01,,0.0,USD,Customer receivable account (Fabric),SampleGen
cfd74b0c-a508-45c2-84dc-6a1b1a18284f,ACC-Fabric-1480,CID-481,Receivable,Active,2025-06-01,,0.0,USD,Customer receivable account (Fabric),SampleGen
df7b7489-855b-4329-9cf1-5ce1f9350341,ACC-Fabric-1481,CID-482,Receivable,Active,2025-06-01,,0.0,USD,Customer receivable account (Fabric),SampleGen
bd4f6d82-cfb9-46e9-b7ab-e98765ec2d02,ACC-Fabric-1482,CID-483,Receivable,Active,2025-06-01,,0.0,USD,Customer receivable account (Fabric),SampleGen
7d8303d6-e6b1-4fef-8511-0446d5fdbbc3,ACC-Fabric-1483,CID-484,Receivable,Active,2025-06-01,,0.0,USD,Customer receivable account (Fabric),SampleGen
698441ab-f965-4664-af20-6cc68deaa5d5,ACC-Fabric-1484,CID-485,Receivable,Active,2025-06-01,,0.0,USD,Customer receivable account (Fabric),SampleGen
09324247-84b4-49e2-8630-62643ee3476a,ACC-Fabric-1485,CID-486,Receivable,Active,2025-06-01,,0.0,USD,Customer receivable account (Fabric),SampleGen
4a59b799-c19d-44bb-9973-8a27d566174f,ACC-Fabric-1486,CID-487,Receivable,Active,2025-06-01,,0.0,USD,Customer receivable account (Fabric),SampleGen
79115cf0-c552-4a0d-850d-452705aa4d66,ACC-Fabric-1487,CID-488,Receivable,Active,2025-06-01,,0.0,USD,Customer receivable account (Fabric),SampleGen
e442e0b4-7c5e-4e54-9728-ff3e6ed561f0,ACC-Fabric-1488,CID-489,Receivable,Active,2025-06-01,,0.0,USD,Customer receivable account (Fabric),SampleGen
95be0ac2-e11d-4ebd-a4ca-092cf1c766da,ACC-Fabric-1489,CID-490,Receivable,Active,2025-06-01,,0.0,USD,Customer receivable account (Fabric),SampleGen
c31e0469-04e4-488e-a9a2-809662afe521,ACC-Fabric-1490,CID-491,Receivable,Active,2025-06-01,,0.0,USD,Customer receivable account (Fabric),SampleGen
5e3e0890-282e-4805-9589-93479f7635e5,ACC-Fabric-1491,CID-492,Receivable,Active,2025-06-01,,0.0,USD,Customer receivable account (Fabric),SampleGen
0f835c7a-e16e-42fe-83ce-b6c437da7a52,ACC-Fabric-1492,CID-493,Receivable,Active,2025-06-01,,0.0,USD,Customer receivable account (Fabric),SampleGen
92d1e93e-a36a-4070-81b3-947f060e7607,ACC-Fabric-1493,CID-494,Receivable,Active,2025-06-01,,0.0,USD,Customer receivable account (Fabric),SampleGen
7b6034ef-f719-436a-b69f-f2791d3f8f0b,ACC-Fabric-1494,CID-495,Receivable,Active,2025-06-01,,0.0,USD,Customer receivable account (Fabric),SampleGen
fa6b4d64-e25b-4e22-b8b9-6e830a3db432,ACC-Fabric-1495,CID-496,Receivable,Active,2025-06-01,,0.0,USD,Customer receivable account (Fabric),SampleGen
9677a486-1d18-45fe-a454-7aa06a6fc231,ACC-Fabric-1496,CID-497,Receivable,Active,2025-06-01,,0.0,USD,Customer receivable account (Fabric),SampleGen
efafa7d6-7387-49e1-aed3-f2118fe1bf73,ACC-Fabric-1497,CID-498,Receivable,Active,2025-06-01,,0.0,USD,Customer receivable account (Fabric),SampleGen
503b888f-65d4-4194-b02b-3d3a76339d35,ACC-Fabric-1498,CID-499,Receivable,Active,2025-06-01,,0.0,USD,Customer receivable account (Fabric),SampleGen
8fe907c5-d6c6-4e0b-9dca-91937814b1f3,ACC-Fabric-1499,CID-500,Receivable,Active,2025-06-01,,0.0,USD,Customer receivable account (Fabric),SampleGen
a9603111-30b9-4517-bb30-420313c9e469,ACC-Fabric-1500,CID-501,Receivable,Active,2025-06-01,,0.0,USD,Customer receivable account (Fabric),SampleGen
51b62e49-5700-42ea-9169-50b3b61a34a3,ACC-Fabric-1501,CID-502,Receivable,Active,2025-06-01,,0.0,USD,Customer receivable account (Fabric),SampleGen
104e993c-c04a-4d46-8c85-e3ed45e61fc7,ACC-Fabric-1502,CID-503,Receivable,Active,2025-06-01,,0.0,USD,Customer receivable account (Fabric),SampleGen
a8aa98d7-f762-4953-adcf-fb3701a54724,ACC-Fabric-1503,CID-504,Receivable,Active,2025-06-01,,0.0,USD,Customer receivable account (Fabric),SampleGen
268ec134-8551-4009-b4e6-40d9ba898e75,ACC-Fabric-1504,CID-505,Receivable,Active,2025-06-01,,0.0,USD,Customer receivable account (Fabric),SampleGen
31455f2b-fbe5-4541-ab53-7f1035631e8a,ACC-Fabric-1505,CID-506,Receivable,Active,2025-06-01,,0.0,USD,Customer receivable account (Fabric),SampleGen
d67547c1-a9cc-4ec3-9f08-91bab2127b6d,ACC-Fabric-1506,CID-507,Receivable,Active,2025-06-01,,0.0,USD,Customer receivable account (Fabric),SampleGen
b4749288-df5b-484a-9c10-664aaebf444a,ACC-Fabric-1507,CID-508,Receivable,Active,2025-06-01,,0.0,USD,Customer receivable account (Fabric),SampleGen
f6887825-ca7b-4d2a-b731-3ff619ca68d7,ACC-Fabric-1508,CID-509,Receivable,Active,2025-06-01,,0.0,USD,Customer receivable account (Fabric),SampleGen
44a1d87d-6025-4694-b3ed-d3e4a4606a61,ACC-Fabric-1509,CID-510,Receivable,Active,2025-06-01,,0.0,USD,Customer receivable account (Fabric),SampleGen
99cb572c-0797-421f-855c-464fdc2d941d,ACC-Fabric-1510,CID-511,Receivable,Active,2025-06-01,,0.0,USD,Customer receivable account (Fabric),SampleGen
22049d7b-1d73-4644-9ae6-9dd219cc5fb0,ACC-Fabric-1511,CID-512,Receivable,Active,2025-06-01,,0.0,USD,Customer receivable account (Fabric),SampleGen
aed2dade-f0eb-4238-af92-74f904e4caff,ACC-Fabric-1512,CID-513,Receivable,Active,2025-06-01,,0.0,USD,Customer receivable account (Fabric),SampleGen
